ID,Temperature (°C),Vibration (mm/s),Speed (RPM),Lubricant Type,Load (kN),Operating Time (hrs),Material,Shaft Misalignment (mm),Maintenance Frequency (per month),Fault Frequency (per 1000 hrs),Failure
1,97.45071229516849,4.399355436586002,1597.4465175076855,Mineral,2.959545034386072,1773.4987218843098,Steel,0.07667625572936673,3,0.5090822463485916,No
2,87.92603548243223,3.924633682912769,1756.6443987853447,Mineral,3.815761960554497,1342.3612039396596,Composite,0.07125531736239944,1,0.07179854327799284,No
3,99.71532807151038,3.0596303699201743,1562.2740237000116,Mineral,2.2459144373306454,1227.8617205470537,Ceramic,0.06341312198918862,2,0.6870504922761567,No
4,112.84544784612038,2.353063222294426,1707.6115411082878,Synthetic,2.904893948064399,786.7627778923879,Steel,0.08461022061692565,3,0.5781124005528383,No
5,86.48769937914996,3.69822331361359,1231.9155999138643,Semi-Synthetic,5.074185392178971,967.7261659328924,Ceramic,0.07869411600486001,3,0.6596002328866174,No
6,86.4879456457623,3.3934853854217497,1863.9881122118816,Semi-Synthetic,3.082650733807877,1183.246529753168,Steel,0.06755892839819098,0,0.500740722842016,No
7,113.68819223261087,3.8951932200277324,1800.3616426086674,Mineral,4.735524254125098,1041.0670587471513,Composite,0.05892026764650048,0,0.15479492561246722,No
8,101.51152093729362,3.6351718016819694,1554.8734106795428,Synthetic,5.65848504196808,1507.8769278812954,Ceramic,0.022840086426471944,0,0.49997814442625715,No
9,82.95788421097572,4.049552715319335,1997.7737005297215,Semi-Synthetic,3.8220618250080616,1360.1109602905913,Ceramic,0.05828588766944989,4,0.6869291250948272,No
10,98.13840065378947,2.464764788439432,2081.2710412879674,Mineral,4.5198634397998125,2007.7135762940911,Steel,0.06463114561217084,3,0.14290736316012054,No
11,83.04873460781306,4.317394065634326,1317.7320406893077,Semi-Synthetic,4.74331212954292,905.7424690727125,Steel,0.08453693216500527,0,0.1667521950236165,No
12,83.01405369644614,3.1975996046923996,1571.1825664301357,Semi-Synthetic,2.7785049369334347,1209.93438341752,Ceramic,0.13889257654044512,1,0.42617468421466714,No
13,93.62943407349051,5.0752608726252655,1569.2572950638105,Synthetic,3.383547654698953,784.9522882397127,Steel,0.061521314194597436,4,0.388601139490302,No
14,61.30079633013303,2.310812181910432,1518.0290696673405,Synthetic,2.996338788328198,533.2677676229026,Ceramic,0.049288074387584896,2,0.49515084961437017,No
15,64.12623251230451,4.73596380316525,2048.8424525795244,Semi-Synthetic,3.4632768899169712,1416.8162938359458,Steel,0.05856511726090707,3,0.4124906162888159,No
16,81.5656870613854,3.197910783462648,1741.852158368159,Mineral,4.716110698081099,1348.9846148902068,Composite,0.08460034302806345,3,0.5479998637391562,No
17,74.80753319498365,2.3485819963855517,1720.6455476068168,Synthetic,3.4048032690577084,943.6228696062631,Steel,0.09765906379388818,1,0.8665454058348074,No
18,94.71370998892911,2.5161141659456785,1198.841290677974,Semi-Synthetic,3.964846773068183,1227.9088858780271,Composite,0.10185035639208628,2,0.6615165165792072,No
19,76.37963886718184,2.6796526918056798,1990.6254090627679,Synthetic,2.9575383830687647,1011.2197203223366,Steel,0.10483123994702799,2,0.5168454963009252,No
20,68.81544447997062,3.4241659464019163,1428.222481543958,Synthetic,5.226422164533702,1051.7377635470173,Steel,0.10907691762835925,4,0.16798653591626833,No
21,111.98473153382331,3.5228354880354997,1817.9797890798984,Synthetic,3.454890009776663,1103.9146161701178,Ceramic,0.07163349087580491,3,0.2834040236673382,No
22,86.61335549270197,2.426299996061421,1883.2130813874576,Semi-Synthetic,5.522980551909955,931.0304467787166,Steel,0.14159420551223623,0,0.7525202537140534,No
23,91.01292307031886,2.9756454077390173,2208.1975787515953,Mineral,4.06092909384936,985.005027054013,Steel,0.06935694436523708,1,0.35945438184250483,No
24,68.62877720679815,5.142270358611864,1407.3538802642663,Mineral,2.593000422036921,993.4693668167238,Composite,0.08328021729022728,1,0.20967436145188623,No
25,81.83425913212226,4.727543170100711,894.1463532537524,Mineral,3.8289732534543757,1326.8636540259993,Steel,0.11887481215318076,1,1.129409935633638,No
26,91.66383884564799,3.436323669674032,1855.1548634261085,Synthetic,2.9372231725338356,367.73394720455565,Ceramic,0.09699275083963298,1,0.9573378121780028,No
27,72.73509633866546,3.0380034781682004,2340.153354453256,Semi-Synthetic,4.589349377378153,1131.7112215545592,Composite,0.01277459767931785,0,0.4626639742601435,No
28,95.63547027518509,3.1200313267182613,2171.6839058818314,Synthetic,3.7386372176731335,873.695437038698,Ceramic,0.08016907490890558,0,0.1752006495293783,No
29,80.99041965121792,3.6135179727304165,1862.8978245823878,Mineral,4.163210255027354,884.5341941324158,Ceramic,0.1058589426825946,4,0.7170076541818842,No
30,85.62459375310085,1.9772074348015944,1652.5091443103859,Mineral,3.630646889953437,1042.3039877748824,Ceramic,0.03969589161411326,3,0.35297960050126276,No
31,80.97440081655904,2.742623462576655,2042.136778991193,Semi-Synthetic,3.444657696136675,1195.6980870080527,Ceramic,0.10252078385386959,0,0.7665598288436144,No
32,117.78417276763406,1.3314159261224106,1507.9361400886594,Synthetic,3.026377990384373,1135.676441487992,Composite,0.0917046182004036,4,0.35328397677121187,No
33,89.79754162893099,3.3992231226052794,1942.9073308068657,Mineral,4.836222936821529,880.7818470605387,Steel,0.11551761451554118,2,0.9936186703685768,No
34,74.1343360656615,3.647195939702741,1951.641047749988,Semi-Synthetic,3.8268468982003023,1416.508955533673,Ceramic,0.05924206032984077,3,0.3443775105812457,No
35,102.33817368154783,2.516813537700626,2118.0629722496637,Synthetic,3.685309106301616,929.2188039418528,Composite,0.10987680246767735,0,1.2094200453810797,No
36,71.68734525043467,4.573986763290033,2627.8980116733233,Synthetic,3.80178610155784,979.5881232221647,Ceramic,0.08478824742202494,2,0.5585173354639045,No
37,93.13295392507133,1.7742343369976588,1917.72479015363,Mineral,3.3211382065142256,1285.347535768355,Steel,0.13298150912156864,4,0.9152916902163319,No
38,60.60494814180336,1.5356251197901798,1647.3109122877504,Mineral,3.6886485732239747,1296.1105692878225,Composite,0.16358149813439976,0,0.3379698922970398,No
39,70.07720926652354,3.224451818559972,1792.3277063424016,Synthetic,4.205629814693488,1016.4901016601065,Composite,0.1261499131715766,0,0.1065949243975457,No
40,92.95291853803685,4.047098302612154,1269.2772285332644,Synthetic,2.965863000943235,319.15139097025303,Steel,0.09441556034324673,2,0.0,No
41,101.07699869993115,4.6839276914578685,1591.5860606732826,Mineral,3.1106480069207922,934.3527340236456,Composite,0.14963011988185415,0,0.8829811514240095,No
42,92.57052421784955,2.5411157371310598,1677.2152685660687,Synthetic,5.378284093622674,1248.5664558720769,Steel,0.09810434125003951,1,0.5204041729928124,No
43,88.2652757641764,4.078680833431296,1642.7734806196222,Mineral,3.637243467200444,1406.582416107009,Composite,0.052761628594321514,0,0.12572736484348762,No
44,85.48344456616067,2.9614915304992926,1845.7064616101165,Synthetic,3.44843919107599,1176.211002741466,Composite,0.07882180079145275,3,0.8954609153257567,No
45,67.82217014448858,2.8273727000591804,1553.2740202853397,Mineral,2.6561283944407243,1056.3041858773154,Steel,0.10285016558885005,2,0.8467982050282481,No
46,79.20233687407936,3.8836599374866725,2136.3092001973414,Semi-Synthetic,4.85067763747424,1887.9633017097972,Steel,0.10477862466860192,3,0.9147157521111605,No
47,83.09041843560318,3.6523228784134196,1800.0621194754592,Mineral,2.9440741864891566,1088.2541635483938,Composite,0.04624205330577021,4,0.09806419146714229,No
48,105.85683339328374,1.4236078430157506,1797.2099036584157,Mineral,3.984707339038542,1383.6698060373317,Composite,0.04719403140620983,3,0.873923390313726,No
49,95.15427434352692,4.476540349725896,1701.6315850461247,Semi-Synthetic,2.2918149306834095,799.4843713719312,Steel,0.06976070461370455,1,0.6152125927026628,No
50,63.554397669558995,4.380091354147451,1846.5572051576937,Synthetic,4.818172800364117,872.9496452373098,Steel,0.09603630840368571,1,0.9282869111922729,No
51,94.86125954092192,2.3744372984904705,2047.5294794002905,Semi-Synthetic,5.17685624361858,1394.1976834386674,Composite,0.09987687649639758,3,0.6628193493633147,No
52,84.22376579375525,3.395803533437409,1539.86093528673,Mineral,4.484520345478015,1513.3683827356112,Composite,0.08423915372314432,4,0.5519046688542913,No
53,79.84616999541062,3.494030186282739,1602.565053277423,Synthetic,2.4655198685947033,1083.0849329419789,Composite,0.054967137994470575,0,0.8779955703386656,No
54,99.17514433261302,3.260673765823907,1708.8821913670006,Semi-Synthetic,4.83876214390923,645.4092925108438,Steel,0.13210828829057908,1,0.755569831455295,No
55,105.46499283743927,2.4496948461545798,1396.2387229580354,Synthetic,3.1726510003596475,1149.7327981796323,Composite,0.04783825814470881,3,0.8245296796319099,No
56,103.96920178674299,2.3283766320619486,1554.2226420835507,Synthetic,2.8290281212783874,1256.8217702338684,Ceramic,0.11907022234561285,3,0.3535857798047637,No
57,77.41173715166042,2.9744459290085548,1657.1337379366023,Semi-Synthetic,3.6165389542423467,1229.6454116786474,Steel,0.10216469850351097,3,0.44827718780165643,No
58,85.36181436223178,4.172729019259364,2062.316754213818,Synthetic,3.5966323266535105,1030.9831005116985,Composite,0.11840996911615186,0,0.0,No
59,94.96895147105346,3.5436001545944324,1878.7683987005776,Semi-Synthetic,3.4949513488197104,1154.1347642217186,Steel,0.06666700121231249,2,0.3319627792800215,No
60,104.63317690683539,2.629385667913894,1858.0769734102632,Mineral,5.273674247904694,975.0669467147683,Ceramic,0.07572037405732387,4,0.7371180615916908,No
61,82.81238643232065,3.771698710648345,2055.2693886503916,Synthetic,6.011825996442626,866.4485328789419,Steel,0.08165127671843131,2,0.6692563452795164,No
62,87.21511535004274,0.5,1758.788463480181,Mineral,2.6308634626505354,1426.7005561940414,Composite,0.06570806718195454,4,0.20614036702090816,No
63,73.40497538990958,4.1487657003721035,1917.139454978667,Mineral,3.3111676056754096,1229.3394940208132,Ceramic,0.08675775360485295,4,0.8847036260705279,No
64,72.05690063878994,1.2602862212219004,1769.0334741202512,Synthetic,4.142748336044956,1154.794932413301,Ceramic,0.12737268368213622,3,1.3919225856110855,No
65,102.18788733591298,2.637559058596868,1879.6087048198885,Semi-Synthetic,3.6112835090627726,1047.8556771683516,Composite,0.04109498458496081,1,0.22918266362640682,No
66,110.34360042856234,1.8803301053738561,1625.1724027165253,Synthetic,4.399398749278516,1145.947933039476,Composite,0.060283648753667304,3,0.4382354593868388,No
67,88.91984817629499,1.7053185242790942,1068.3548525170713,Mineral,4.915985355945795,1248.094928636099,Composite,0.05702764043881231,0,0.3135213723345723,No
68,105.05299346838036,4.16082678737852,1759.7162513441087,Mineral,4.749365942270041,1718.604472744292,Steel,0.07716745213591858,4,0.47153427314207746,No
69,95.42454037571451,2.5322987986881085,2226.824440829982,Semi-Synthetic,4.609733567849832,1396.3610549481432,Steel,0.07593421193063388,1,0.5821718001445468,No
70,80.32320368092314,3.346503881730716,2077.864620672478,Synthetic,5.659095520919723,1000.1072634152741,Steel,0.10316943753322118,4,0.29080011842374215,No
71,95.4209340826262,2.953079421120816,2089.619245377351,Mineral,2.4110527170838907,1003.2708771882927,Composite,0.08101169308764125,4,0.41692406177845,No
72,113.07054849698955,3.4770408272231217,2170.8392165418654,Mineral,5.480108791954615,956.4956699026213,Composite,0.08908649830157907,3,0.5261729595778328,No
73,89.46260941335073,3.076821891060255,1826.5972772884313,Mineral,3.5870083659102563,1139.8438406241078,Steel,0.09195344136536002,1,0.6414805898022657,No
74,113.4696548372101,1.7170077758114304,1859.1947122216786,Semi-Synthetic,4.785125220675627,956.2645649277347,Ceramic,0.08736212183617435,1,0.9399478714956018,No
75,50.703823438653835,3.99626681944714,1614.704431369695,Mineral,2.9703337717205565,1342.4471234968878,Steel,0.10109939184372776,4,0.49565634240057505,No
76,102.32853756562835,2.5062434168386876,1705.178143191885,Mineral,3.091503608106722,406.94512326058407,Ceramic,0.07633029853601765,1,0.33144930944310247,No
77,91.30570602357257,1.443418101340249,1984.7313449313424,Synthetic,4.662117291482027,1360.5504927824231,Composite,0.12939105188224992,1,0.7089017443096631,No
78,85.51488974301199,2.5718848390340874,2161.1653311506448,Synthetic,2.0712699772501546,1282.6132463416293,Composite,0.15624859540156377,3,0.6200518636918426,No
79,91.37641164803253,4.50075979063431,1758.1661172957001,Mineral,4.989442078288312,1578.8227449442918,Steel,0.10118692924301209,2,0.4421517212525812,No
80,60.18646628098661,3.8502217421134928,1664.9432205445764,Mineral,5.259963502341588,1463.036866366186,Steel,0.08683973491127184,0,0.645505017448048,No
81,86.70492168243732,2.651347865592141,1800.1583876569791,Synthetic,4.17778485382896,994.890664423784,Composite,0.09873746927951732,2,0.38505542638224677,No
82,95.35668857267619,2.6507422956815714,1980.3620246787345,Semi-Synthetic,4.141761035578557,1429.289424281552,Steel,0.04696900742349068,1,0.34088479428367013,No
83,112.16841067112274,2.6783649487826175,1366.8435551599375,Semi-Synthetic,3.166363855091548,1149.5797568357098,Composite,0.08540316402396245,4,0.0,No
84,82.22594672589528,5.076747983560841,1111.1457140588286,Semi-Synthetic,4.674449402403669,619.707972766719,Composite,0.058060261791541744,0,0.40162306778132667,No
85,77.87259595660218,3.3819354522315535,1634.838945152525,Semi-Synthetic,4.347665246407426,1247.6495819186675,Ceramic,0.0952993075172099,0,0.0,No
86,82.47364434623195,3.4300416471910697,1433.7862722257523,Semi-Synthetic,3.078494603976177,1012.7239738287915,Steel,0.05820922076068558,4,0.30817884534920903,No
87,103.73103176553111,4.030283454031842,1647.5579407058067,Semi-Synthetic,3.608520049911808,1200.0664549191,Composite,0.06965667663923311,0,0.6738442209791966,No
88,94.93126664489526,3.2387891590265134,1755.6659043547586,Semi-Synthetic,3.8406645753041966,1695.434949082573,Steel,0.023840872834308427,4,0.048449097849320055,No
89,82.05359694349441,2.740957854179297,1664.025477293096,Semi-Synthetic,3.6071978034808128,1267.4360708196475,Ceramic,0.04480262930156997,0,0.44304651675009027,No
90,97.69901149670034,2.8036501509150216,2235.740260341224,Synthetic,2.637088586650025,894.7995446430011,Ceramic,0.0906462140880814,2,0.5196421003301898,No
91,91.4561632402206,2.928398740585936,1898.023429380696,Semi-Synthetic,4.699020308583895,1489.3245016848612,Steel,0.05393461765044709,0,0.42842173870062983,No
92,104.52967485799334,2.962777763490158,1890.1423078832486,Semi-Synthetic,3.7564895440981054,1308.7627710409315,Steel,0.11191321951356731,3,0.35559955182785186,No
93,79.46920359183972,3.7276295436369797,1986.6621432130205,Semi-Synthetic,4.0153647758933095,859.4514512904275,Composite,0.051383327347600635,4,0.5976166440657916,No
94,85.08506780103347,3.0519458858072994,1458.3500646657692,Mineral,3.421733412602573,718.1286697576032,Ceramic,0.09359763503857313,0,0.6392297601699809,No
95,84.11837770301764,3.732640077215579,2111.7335362260806,Synthetic,4.47527147397199,906.7987322343838,Ceramic,0.057143731130847246,4,0.5004578385618887,No
96,68.04727577801822,2.9192834198914177,1777.270714039362,Synthetic,4.1986961843814035,1450.8905402015166,Ceramic,0.09156409325100578,3,0.3722717246591216,No
97,94.44180415596864,3.0786351903160907,2001.1441851723637,Synthetic,5.212784389130419,1109.5193599070863,Steel,0.033956380127145816,0,0.7594207799150325,No
98,93.91582908269834,1.0017993154678924,1478.4428300879533,Semi-Synthetic,4.480598712938984,1224.3427556866231,Composite,0.06640451073111325,0,0.10677798192552485,No
99,90.07670184963692,3.9163276747024813,1333.8723701951808,Semi-Synthetic,3.797315598162889,798.4410987671495,Steel,0.054613601441367954,3,0.7062135675425663,No
100,86.4811929993728,3.346488475897993,2045.3668974075085,Mineral,3.2602831824974396,1458.965693705227,Steel,0.1064969772592694,3,0.6259083173964968,No
101,68.76943886924379,3.9980101098596523,1912.922857829255,Synthetic,4.865952683916645,595.4449006926789,Steel,0.09386787393362613,3,0.5597080531439808,No
102,83.69032015851961,0.5,1529.3845336927468,Semi-Synthetic,3.717423901213542,1003.3867451796946,Composite,0.04302271836153553,4,0.49703135128200665,No
103,84.85928225209845,5.088374704780728,1539.1010756175917,Synthetic,3.8282824334037793,1325.5391577341381,Steel,0.07390457790137359,3,0.0,No
104,77.96584096167572,2.8604103718448264,2137.630435324431,Mineral,3.828028393707325,863.2105664881965,Ceramic,0.05683046471831497,4,0.9162057086035185,No
105,87.58071432500986,4.108182816737516,1443.1764321398016,Mineral,3.5983922893428706,1384.2387838351328,Ceramic,0.10850771581605628,2,0.7516013146655574,No
106,96.06076285221808,1.9600940728744691,2292.801885976789,Mineral,3.8454610057701304,939.2418064345193,Ceramic,0.11814572442961815,0,0.21158294723170828,No
107,118.29278851815795,3.6127739050625696,1529.8137796056394,Synthetic,5.926207562732578,832.1788221551079,Composite,0.03675064560467561,0,0.7276429055046865,No
108,92.61866719247759,1.9465844368263439,1991.517577682515,Semi-Synthetic,2.952177945872308,1585.9446193933422,Steel,0.10480108923144442,1,0.5566519098570861,No
109,93.86325586084146,2.3762310393041948,1701.4144572753046,Semi-Synthetic,3.1854957892383897,1246.1790579297015,Composite,0.05530111792226872,2,0.32509939116306485,No
110,88.8833112635075,4.914031353866786,1980.956229324703,Mineral,5.38432441815425,1355.710823414888,Steel,0.07241249681842042,3,0.8575381152168642,No
111,61.21843177051438,2.8093175992366533,1636.7657993657422,Semi-Synthetic,3.6251956155049285,1505.462875365809,Ceramic,0.08096762687182871,3,0.3707482223477392,No
112,89.60229186826174,3.217432873179723,1751.1621281783118,Mineral,3.549378715925105,414.21031514972105,Steel,0.13449818490666418,2,0.9068379798788662,No
113,90.90345314911539,3.870067730688754,1812.2757526187163,Synthetic,5.034863856773434,1390.4347919910958,Steel,0.049884508189073445,3,0.6602841094850382,No
114,126.94863168727929,3.4956818879726046,1499.3437632655582,Mineral,2.579804382718249,971.6924446516958,Steel,0.10504249167929906,1,0.7869676179273062,No
115,87.11458552828316,3.1504189051435763,2022.2473036260378,Synthetic,4.821454429253405,1011.2181627678258,Composite,0.04485486775491147,4,0.6737256119220343,No
116,94.52321013500419,3.3649610024662255,1646.0359300585244,Mineral,4.0456164293215435,1331.232323299676,Steel,0.042782192454777976,0,0.6598192363278625,No
117,89.47932345442135,5.403415585238275,1731.4200253979943,Semi-Synthetic,4.464802130831977,1091.0877679771643,Steel,0.08085390345257465,2,0.5645691294939299,No
118,72.46982943570703,2.9423812029664145,1501.6951876174462,Semi-Synthetic,4.446030955252126,1378.356322636956,Steel,0.08065188472969169,0,0.28195431588341935,No
119,107.14234221772531,3.2010990467149676,1031.2999023614068,Mineral,3.372017413517362,1187.7471097451755,Composite,0.01,4,0.5187577167034424,No
120,101.27899549030161,4.050654396007612,1742.6916712199493,Semi-Synthetic,5.051183780149906,1250.4627044052172,Composite,0.11478788868126494,2,0.7749172532123503,No
121,101.8654792056457,4.105525932957984,2523.7846264838745,Semi-Synthetic,3.4498622885219308,1052.933522395413,Composite,0.01582657626707447,4,0.715777913475685,No
122,76.35918817807891,4.187030305560381,2035.3812863694072,Semi-Synthetic,4.408849018998741,880.5200132525586,Steel,0.07562187691660095,3,0.6503760394580893,No
123,111.04191466404149,3.6387302220291846,1794.2218860796816,Synthetic,5.237724485529136,977.9047287757485,Ceramic,0.11982846354815915,3,0.0,No
124,68.97223405811579,1.8569950872695165,1721.1327512375196,Semi-Synthetic,5.37890169984647,1169.1527608560166,Ceramic,0.14627551900066038,3,0.4360327643278226,No
125,98.80285640700406,4.6334315323010955,1806.739767843614,Synthetic,3.7328736640593077,1751.1715178323616,Ceramic,0.0691085040893426,4,0.40451323359505914,No
126,122.85683438714968,1.853654606981312,1964.135734552563,Mineral,4.463135274241011,1641.5719197340627,Steel,0.037011527491487374,4,0.16902272958151615,No
127,75.14195512303968,3.302635465239033,1445.7561554073466,Semi-Synthetic,3.6405112097963803,1004.0112066421816,Ceramic,0.11871644677303875,4,0.7711272863411802,No
128,81.50553405595842,2.245724149980642,2134.296508400662,Semi-Synthetic,6.503796227268774,1218.0773031997426,Ceramic,0.10595469650360786,0,0.0,No
129,91.49477047631461,2.9358616534070077,2014.6143946323732,Semi-Synthetic,4.780126005873819,1113.6831078161856,Ceramic,0.06533023131264575,4,0.7509907243703937,No
130,82.44786518825701,3.3287624103034803,2015.4557177123804,Mineral,4.084058435836936,1239.0799856607073,Steel,0.061527876253723815,3,0.8987714748209688,No
131,66.74004853400801,3.321357215450273,1931.5427216429182,Synthetic,4.312562173457742,1277.6738242628328,Ceramic,0.05847823509021706,1,0.43704747851933945,No
132,91.0284446220904,3.421920754235285,1805.884997308197,Synthetic,4.407105415446067,1358.2545047266804,Ceramic,0.069662403927961,4,0.47769831680669567,No
133,74.06544429410843,4.613711269058647,2001.858370790046,Semi-Synthetic,4.436743540783482,329.65836545477737,Steel,0.08948204427204892,1,0.7902677707080015,No
134,97.10388645952773,3.45353430151398,1977.5442401224134,Mineral,3.760001782353443,1309.949599766082,Composite,0.06301956251789685,3,0.2709036039727004,No
135,76.20863648649295,2.755843364709351,1693.7877867176928,Mineral,3.605672700764825,1080.323691235006,Ceramic,0.06681259173313278,4,0.698232943031737,No
136,113.24901607526309,3.964087168288357,1627.9194681309298,Mineral,3.848146638273507,988.5186257305188,Composite,0.09923837058231727,0,0.22465569569707022,No
137,78.25120061495645,4.18947048892464,1830.556888578596,Mineral,2.8603082949527927,1438.2770034486211,Ceramic,0.03552757576823382,0,0.13476742831418992,No
138,85.16907725691486,1.7723921848630075,2264.7060454485563,Mineral,4.71827440697446,1640.0473249214306,Steel,0.06872192840259263,1,0.5887972179949609,No
139,102.20275826054504,3.597400069849858,1428.2678773038297,Synthetic,3.1982949573510275,1406.700943212422,Composite,0.029721769427026958,0,0.49199390561163925,No
140,71.53703525349067,3.701172742310898,1359.742420274268,Synthetic,2.9400499210152833,1044.4345178366716,Composite,0.08325237420058704,0,0.0,No
141,93.41189901906193,2.702436496640008,1849.428252370955,Synthetic,3.9856455334358514,877.1983049583268,Composite,0.021817837755743766,0,0.9245932857258867,No
142,109.60714131423643,4.37570681331162,1815.2663105568054,Semi-Synthetic,3.8698773703101135,298.12667156709597,Composite,0.1067003038047929,3,0.3755848884849069,No
143,65.88775148158159,2.8499444129674734,1852.0024993111224,Mineral,4.249634475788988,1254.7547989744066,Ceramic,0.04056087812623984,0,0.6532039758077157,No
144,92.76950787798457,3.1255764534715422,1873.18595937255,Semi-Synthetic,3.4317946306035902,1373.704832338331,Ceramic,0.026822643039156373,2,0.9815549753999451,No
145,93.89824191372635,2.82692817571613,1733.0393236095586,Mineral,3.6074574417690264,1169.4409469705909,Composite,0.06909160112295147,4,0.5742813128838087,No
146,101.72734307665965,3.0155790475814674,2246.9590315806245,Synthetic,4.692119505088491,1480.1238626513978,Ceramic,0.1313332187503115,0,0.8819876197601273,No
147,71.44573933682878,1.9037249131047982,1319.7288064570453,Semi-Synthetic,4.631217200495194,803.9429292502523,Composite,0.10133577360264727,0,0.24108378609650527,No
148,70.19315080373585,1.5599491174057056,1551.450892565926,Synthetic,4.589525046176679,1148.6283130634854,Composite,0.02233057683638103,0,0.9262956061490143,No
149,97.82912348425347,4.594505063224972,1769.023571955286,Mineral,4.033967612351482,1124.909712123633,Steel,0.03970624197066377,2,0.252240651205063,No
150,94.45477009849779,2.153038651681672,1307.04335665375,Mineral,4.168922623332275,1166.9673947231802,Composite,0.06813198880262879,0,0.3286575537115457,No
151,93.75739275518815,2.0086076505436927,1747.2436786703786,Mineral,4.230438887710504,1550.3794988861723,Ceramic,0.14715059485312584,0,0.06360037670373697,No
152,95.19672314245463,0.8466098863962852,2298.4410497184053,Synthetic,3.3439582601910236,1168.5473327703712,Composite,0.051831375560933965,4,0.5805273664747825,No
153,79.79962917632264,2.3610382523104976,1806.2659464887886,Mineral,5.474046600146101,1111.5622647682412,Steel,0.05207344268890417,2,0.6892782543028778,No
154,93.48380545741506,1.6769102065925017,1869.2102717156051,Synthetic,5.3315880324877,918.9919560568405,Ceramic,0.12582288160640545,2,0.7300425156180559,No
155,94.39608709948021,4.642015160136369,1421.9505704482258,Semi-Synthetic,4.794245591000967,1598.5738414264379,Steel,0.08584721615787128,0,0.0705241220853845,No
156,79.28472872960448,4.009817089342635,1615.0915775881567,Mineral,3.5741384135984022,770.6411332264119,Steel,0.11159000081896224,2,0.6124928739389094,No
157,117.98661766717134,2.311849654822276,1687.441085902819,Mineral,4.53914411795015,1034.1001701457762,Composite,0.05818701379472106,1,0.6235947104026126,No
158,97.10749381367681,5.252435805344309,1704.6854709731297,Mineral,4.978369937769772,1708.181120129248,Steel,0.07695092456812842,2,0.6844315128727785,No
159,72.13044754196028,3.9817654869915944,2184.4931385011305,Semi-Synthetic,2.7768030982788567,1340.4729894214604,Steel,0.11946895586564735,2,0.2681813640294497,No
160,99.84830412950744,2.6751686164913777,1967.3073182175374,Mineral,5.6945117616984975,1193.9470044896188,Ceramic,0.075654773697926,2,0.0,No
161,75.37977494659017,0.5005942851264269,1466.5626129188904,Synthetic,2.260612388844205,1206.5076166578854,Steel,0.11369159592579389,3,0.7119436712010142,No
162,101.80626905613678,5.290942572590742,1873.9514335296014,Synthetic,4.704605819709076,916.0866037926546,Composite,0.0916180190130359,3,0.4562511095291178,No
163,107.37893368511106,1.610427533236404,1949.4665245490355,Mineral,5.453282306252469,1179.4418265427425,Composite,0.04881112764743244,3,0.5840723317129064,No
164,77.68976522472434,1.3546012530431082,2142.0447115563798,Mineral,3.886936535972969,1095.040248301262,Composite,0.07951048362961932,2,0.4716178889630518,No
165,104.45064193866483,4.0225704320096405,2274.162205970512,Semi-Synthetic,3.8495356001769268,1253.888579836501,Steel,0.109441519768251,1,0.5703506741080637,No
166,96.19171390404748,5.439752406339273,1495.4717424516393,Semi-Synthetic,4.667660792646924,748.1275843121075,Ceramic,0.10008248573560655,2,0.7211357882567766,No
167,102.33090239991735,4.384272818510518,1556.7427466368986,Semi-Synthetic,5.851881891933872,1319.3556023307958,Composite,0.07879241304737515,0,0.0,No
168,118.4518947398092,3.56390912005236,1422.726642325615,Mineral,3.718932362058634,1504.9889024658926,Steel,0.023248568330855014,1,0.842306082871784,No
169,86.31917825995694,3.594754341665286,1729.7940422679055,Semi-Synthetic,3.219044808134055,1138.8530624638279,Composite,0.02612025555770852,3,0.4453572512988737,No
170,78.69395753463766,3.853415558780308,1939.9075123339003,Semi-Synthetic,3.5762245443920078,1394.1295179917422,Composite,0.032500832311186514,4,0.9881222805427998,No
171,76.65728355561716,3.7589285897867653,2096.2003549767305,Synthetic,2.4474860077137794,1293.1038824533732,Ceramic,0.06468673379700347,1,0.3621633753844451,No
172,77.76284572551843,3.281191423969376,1777.2146929072433,Semi-Synthetic,4.897757898715156,1017.6779579501832,Composite,0.06868646378919657,3,0.2955206562237763,No
173,88.84347435878844,3.104201103951876,1704.0457430235467,Synthetic,3.4859169472861407,882.4422940628656,Ceramic,0.035737657967179315,1,0.45549817766272477,No
174,95.11727962224965,2.937406872100478,1845.527397674622,Synthetic,3.7916608459344445,924.4834533838024,Steel,0.11067538381088049,1,0.6499961122795528,No
175,94.15036198995028,2.246035411133324,1549.4571295109931,Semi-Synthetic,4.909621131419006,1287.8677707464144,Composite,0.042086927683383735,2,0.4176942345010865,No
176,102.40774873554035,2.719324923133226,2426.8616165084322,Synthetic,3.623089675590151,1183.1564604044386,Steel,0.03888322873798972,0,0.6717539862876569,No
177,90.1950283781686,1.3070431858046145,1317.7016918645825,Mineral,4.759090395388397,1582.5279065645093,Steel,0.08264707261657846,4,0.3838622284821347,No
178,111.80301115735975,2.90166037320525,1855.4221736687173,Mineral,2.9619114961837134,1437.2610336611683,Steel,0.10921715359979686,3,0.510467665403331,No
179,86.03014750143066,2.0114088928490825,2407.081865768892,Semi-Synthetic,4.958719428323998,1436.6354949381903,Composite,0.141645638594395,1,1.1709658847134112,No
180,130.8025374988443,1.896410682784229,1802.0399533679993,Mineral,4.34190502126547,1278.9242405136667,Ceramic,0.09747635163509533,4,0.6071800590597668,No
181,99.3850102164751,3.1798941511534786,1742.9882894995517,Synthetic,3.9114209691803317,911.3403152035006,Composite,0.12739489156170858,1,0.6312488680777928,No
182,77.14263665375576,4.392002286344599,1692.7663731568719,Mineral,4.130893487943796,1297.6017887924975,Steel,0.043638300448203146,0,0.05822900384330676,No
183,73.93661252908332,3.918316606002313,1745.8824954712777,Semi-Synthetic,2.7132387053472637,1219.1559495084668,Ceramic,0.14479217781983,4,0.9062862570035,No
184,97.23708622864778,1.429499396376823,2211.854542402959,Semi-Synthetic,4.10800074394697,858.4855834332757,Steel,0.02415546648333535,3,0.8199395255969801,No
185,86.64805822011223,2.0103718634296626,1136.441426601148,Synthetic,3.858330214643396,1562.9847775676135,Ceramic,0.06488482238336958,1,0.28566526721246044,No
186,100.71000741138138,3.940771187988216,2260.030110388898,Semi-Synthetic,2.7405673895624365,1530.6868124787457,Composite,0.09681957558736326,0,0.8140177803115209,No
187,97.09856436860318,2.0175126064616906,1372.8128542649565,Mineral,3.328924573093456,856.7552566748818,Ceramic,0.031843489529121694,4,0.5989403682020062,No
188,88.9075663101469,2.7753668500029756,1720.0043012296755,Semi-Synthetic,3.870754742047482,1008.6615284650414,Composite,0.05218849724223999,1,0.5139247695819715,No
189,77.29809422897392,3.550052099024552,1671.2266739104014,Synthetic,3.392707815052159,1035.014934167857,Steel,0.04742232412131098,1,0.8872866938824998,No
190,67.27729162971204,2.0316555451363647,1976.565980931216,Semi-Synthetic,1.587886094949583,1382.9554631398846,Ceramic,0.07069336978250797,3,0.34631042807878104,No
191,83.30227571899468,3.10537550614596,1320.5626944348758,Mineral,5.0763875396088665,1348.417554136199,Steel,0.12264748570018022,0,0.28329348329604487,No
192,102.84598191485209,1.6659745050817956,1938.651799824583,Synthetic,3.8579101249103345,1213.3221638359068,Ceramic,0.08050475198863433,2,0.5622689961011016,No
193,93.21140616195306,2.398632356048786,2407.2928869860557,Mineral,1.7260497907634549,1282.1571841197376,Composite,0.06610808167297948,1,0.6584686443612892,No
194,71.31391831932018,3.319781934142537,1391.0477986221567,Synthetic,6.134962939679395,813.7103410663399,Ceramic,0.01,4,0.7898947660081508,No
195,92.59771388776772,1.4070062664683307,1856.9118502831186,Semi-Synthetic,5.241392331313189,1314.4083844075358,Ceramic,0.09400265614515738,3,0.4547141144760185,No
196,95.77976069593255,3.440474737960399,1601.4053466610173,Synthetic,3.6510179489316648,1169.7343873361788,Composite,0.10370046226934537,3,0.2450686650228054,No
197,76.742138456983,2.980362201073319,1927.7661618579107,Synthetic,3.157502508633299,996.2870452324231,Composite,0.028999406965693655,1,1.2585703153894787,No
198,92.30587658918292,3.5524899544171475,1805.7443332247256,Semi-Synthetic,4.403191210760522,740.2481178209043,Composite,0.07799082920832436,1,0.17402163168831125,No
199,90.87313077669,3.2239141340646613,1607.5539272867072,Mineral,4.202326814884142,1208.0883468559057,Ceramic,0.08579024570996141,1,0.5165354369868587,No
200,72.85544553254066,4.364140429973844,1946.3616854613222,Semi-Synthetic,4.542089924800374,1307.0879688653429,Steel,0.1089380527191108,2,0.7339116573642835,No
201,95.36681040522424,3.125224502647907,2341.3044329360227,Synthetic,3.1603797267449516,689.2554594880237,Ceramic,0.058256946252635784,1,0.8453367845113506,No
202,98.41176789552351,2.570594458874747,1742.7288624818104,Semi-Synthetic,5.097772020971633,1205.545821196929,Ceramic,0.05373918916745608,0,0.32985194637568466,No
203,106.24576864762915,3.122297503032284,2015.9273826444546,Synthetic,3.5265378768244506,1236.6719255545486,Steel,0.06630508104594915,4,0.0,No
204,105.80703078052355,3.543298029036388,1412.018112638651,Semi-Synthetic,4.680765748655567,1033.7311370557018,Composite,0.11853311158332151,1,0.32292044796119873,No
205,69.33495948064363,3.0488600703257043,1513.0690869545974,Semi-Synthetic,3.203060739542976,1313.9514607185522,Ceramic,0.1113153632651801,2,0.7583967530641655,No
206,75.93262440127316,3.040591691203882,1941.7218833641132,Mineral,6.648143985753487,1160.201275116804,Steel,0.07935964093482759,4,0.6912489444485714,No
207,97.7255290081299,2.298008312193245,2245.2348085607896,Synthetic,4.695523348965258,1284.9513016009091,Composite,0.11059329581564864,3,0.7010367076664226,No
208,97.70678926368313,2.337099082449052,1906.6840046356979,Mineral,6.884232276573647,1360.2740798625168,Composite,0.01,1,0.7134992258223121,No
209,97.72571529459071,1.5973947282003065,1706.0825908430536,Synthetic,4.827601976326046,1360.442071845157,Ceramic,0.10374962618280577,4,0.9020252698041525,No
210,147.7909723598208,4.749576743186939,1799.7874216270063,Semi-Synthetic,3.438535643131316,1505.0461480339507,Composite,0.04643701511558461,3,0.26723346641156265,No
211,98.5633576603975,1.756136764608715,1424.8776798090848,Synthetic,4.829380793589196,1301.497556635374,Composite,0.13301073483187587,2,0.1406306012817189,No
212,107.03348460270898,2.3070948022040927,1981.35459790661,Mineral,4.9005778181932165,1056.8877777669538,Steel,0.04807265864200328,0,0.6111440735791267,No
213,104.31002645239803,2.2815927344308027,2064.699918697023,Mineral,4.373324144497762,1005.6629865740409,Steel,0.05441713504299066,1,0.1854425931295431,No
214,99.77086876958697,3.8949243769444415,1664.3729001500758,Mineral,4.630392472032057,881.0073741394133,Composite,0.09687271190393534,0,0.12172539515449837,No
215,85.27096133039481,2.705050321707972,1658.9873556721495,Synthetic,4.761727129407675,1245.3538929338717,Steel,0.09976862404343109,2,0.8671879729721408,No
216,101.38453830739901,4.247742072673734,1879.7634688956146,Mineral,3.0063189892342583,1596.393514395757,Composite,0.06661003763698445,4,0.5751079451227439,No
217,78.40762178193643,2.3265093757561317,1668.9840791878214,Mineral,2.9351415952700477,1092.464218203855,Ceramic,0.09114212103269093,4,0.5085479447135259,No
218,86.44772089889986,3.278994162223802,1780.1602156122533,Mineral,3.2057830013855666,1334.882474312988,Steel,0.09486139445985461,2,0.5147821990295945,No
219,82.71954678256344,2.164652946740243,2429.9165367499545,Semi-Synthetic,4.1275423943705105,974.3159986454518,Composite,0.09179343968174103,2,0.46815829705260037,No
220,91.22811209079484,5.145149127773388,1725.892289776201,Semi-Synthetic,3.77682882852658,1258.4414745481904,Composite,0.06786335247324812,1,0.8651721935979722,No
221,124.71987850010262,1.8124015809704872,1692.4979543936333,Synthetic,3.0244294340770512,1577.804138422332,Steel,0.09515633072257071,3,0.04561522844126492,No
222,61.99102211112378,3.3098207102270276,1605.7374583094522,Synthetic,4.775314210519647,1405.8743919995827,Steel,0.12219111215049482,0,0.033192925639874415,No
223,100.2939028556177,3.6337768809320985,2023.257591449981,Mineral,4.28304482013648,728.7563900582529,Ceramic,0.04323534562343521,0,0.21908554442362738,No
224,65.80926193215522,3.4137990974514985,1745.6327480345692,Semi-Synthetic,4.168928991370854,1371.2084448106634,Composite,0.05479819893374582,4,0.5867484943219856,No
225,82.92102201315849,2.814712341122292,1605.188088503572,Mineral,3.7420106948260643,1384.8677336380656,Ceramic,0.08081766897081738,4,1.0416031219635464,No
226,106.33425895451049,2.8701793002665736,2196.3912096819035,Mineral,3.621771897634427,1252.0460919681266,Ceramic,0.048313278779959015,1,0.7607251974515818,No
227,90.96420028643195,3.0438114719791094,2225.8809013540913,Semi-Synthetic,3.1586688381910237,1400.2566338107024,Ceramic,0.025897887973182182,2,0.6777328142672291,No
228,73.8338283310604,2.8529979983715115,1619.8729302783884,Semi-Synthetic,4.933740292537338,949.9493880847385,Steel,0.11279368927645869,0,0.4760399206146423,No
229,79.27044436110047,3.9638791167949097,1240.0380145918152,Semi-Synthetic,3.2965071183468133,1218.9789464412258,Ceramic,0.01313635201921251,1,0.1002410258012209,No
230,100.19396623402014,5.210523001591351,2102.2541069510767,Synthetic,4.209390466692817,1533.0521822814305,Steel,0.06792851907426994,4,0.6544969472261493,No
231,79.04450052424295,2.4425082149921664,1594.6110522719987,Synthetic,5.662010396272033,1505.9848450399104,Steel,0.10276832959276012,4,1.1077901197505398,No
232,93.24687884372962,1.6301970204209222,2037.1876797488305,Mineral,3.6677422553106496,1364.4134922017913,Ceramic,0.08800099368506217,0,0.4279827033474414,No
233,90.6835775985572,2.911717951648745,1208.9688546864495,Synthetic,4.960702140719194,935.1014329497351,Ceramic,0.06838251902063143,4,0.3317979905738201,No
234,80.22599478591275,5.579709337654318,2067.7792014897927,Semi-Synthetic,4.568709016035673,887.8608688142165,Composite,0.047076812703951226,4,0.429427041082912,No
235,122.15916133987989,2.196325432030269,1436.6484212157657,Semi-Synthetic,4.311467563261053,1234.3631023330063,Ceramic,0.09031603439443811,3,0.6799253415477259,No
236,99.50878533477017,4.6391168054440675,2019.2292357199574,Synthetic,4.430348441904753,1254.232271617752,Composite,0.050348166845993816,2,0.5335190555755797,No
237,59.622861200135894,4.677700814076441,1804.2819203509302,Mineral,3.9050934307290697,1169.888468316823,Ceramic,0.08797797758954787,4,0.7730042333344163,No
238,92.79681472154141,2.4464117582920055,1513.8181741810065,Mineral,4.034775968793441,958.5645065410042,Ceramic,0.08422752944704269,3,0.48996473772505245,No
239,80.07320302847418,3.5689830791852755,1677.8891061219658,Synthetic,3.4518860517742755,1331.0883226171181,Ceramic,0.08453098727165408,1,0.4276965111062657,No
240,102.78650002194335,4.628396623128538,2005.8955370870103,Mineral,4.041457121134089,1233.0496046083624,Ceramic,0.060790437224617536,4,0.5687017939862736,No
241,78.11218892350949,2.620872259012513,1831.7683359345704,Mineral,3.414774004216503,1286.947294965142,Composite,0.1410502732800437,1,0.3381043469507966,No
242,88.27895337799652,2.796419639897638,1975.3238941417453,Mineral,5.005655093076597,1378.030127887233,Composite,0.09074619901611125,4,1.0222294824333913,No
243,97.57480918470685,2.418319086051356,2392.9321753546456,Semi-Synthetic,2.300502571321556,1117.9050636965962,Ceramic,0.07163873227341058,0,0.7469343194349845,No
244,102.98632791255181,1.9852432693071331,1330.7275164866846,Semi-Synthetic,4.481053291125482,1053.372486786169,Ceramic,0.08792811719185413,3,0.17009042377830147,No
245,71.99555389416335,2.350722454933993,2285.1637724905872,Synthetic,4.33658670142228,1532.269596992587,Composite,0.0567661506822707,3,0.2762722485397585,No
246,84.98248146238578,1.7760597332377435,1831.3067812569639,Semi-Synthetic,4.246015964176034,972.7924540409496,Steel,0.06841086504566281,0,0.6696011015498313,No
247,82.87582033258566,3.034083468259226,1530.3647855030615,Mineral,5.024498948865487,1059.2477401613978,Steel,0.1517575979635855,2,0.5549952637989242,No
248,80.20006151139432,2.230026768941358,1400.905912278303,Semi-Synthetic,3.7138764099570527,1570.274344628242,Steel,0.05697857580673074,3,0.5907535128044221,No
249,116.48181360421646,3.233785911790748,1743.26388276689,Synthetic,4.25543384457205,1035.892724697102,Composite,0.07766681899206751,1,0.4423617588151574,No
250,96.07472566441433,1.4441043537963727,2076.495033577338,Semi-Synthetic,2.2834581118135473,1170.414706907832,Composite,0.06631685450750702,3,0.6365519109576301,No
251,71.08674068497433,3.330880232214457,1761.7352638867396,Mineral,3.5846831178647767,1076.4090392660914,Steel,0.048810981715256614,2,0.4494182394488876,No
252,103.76792920582164,3.8335289616089248,2253.346479074204,Mineral,4.855736431175224,665.0335556148608,Steel,0.09263254970659418,1,0.6690138630228772,No
253,121.8323429551895,1.0062643574285446,1364.6472929845322,Synthetic,2.6608382644635182,1163.007704398561,Ceramic,0.08109416529962628,1,0.7319084693752694,No
254,105.4869789082672,3.374056569847572,1796.3733156461835,Semi-Synthetic,4.159743367050745,896.8134709264357,Composite,0.10733081926999782,0,0.982022100991448,No
255,67.2094505106898,4.227668992473292,1424.2819666760643,Semi-Synthetic,3.322482928116203,1276.3741297930683,Composite,0.10431733760990015,4,0.34559022711621196,No
256,82.73648890700623,1.7903589813087946,1909.0895647874904,Semi-Synthetic,3.889013028228265,1531.6915530123335,Steel,0.10702123157125987,0,0.4966644104523378,No
257,109.00366723779933,4.672572386837704,2066.0662170291903,Mineral,3.382322511238403,535.7478800479035,Steel,0.05245389881447019,4,0.1343055767311499,No
258,79.38495801571828,3.4190190093660453,1673.771461895684,Synthetic,2.7528043957065695,1077.924904799916,Composite,0.09922882397609288,0,1.047878425111728,No
259,96.65729142219342,2.294988144241591,1018.7358430118597,Semi-Synthetic,4.386003314959801,1335.6969698894943,Ceramic,0.09995814518870283,4,0.0,No
260,101.61951080144006,2.9442309223422938,1859.6844440389484,Mineral,3.950403237975254,544.9953244710667,Steel,0.04936811005379432,3,1.0048608165595427,No
261,76.09604292632875,3.5583269125217223,1931.021565520053,Mineral,4.612629119687199,1600.8796081266694,Composite,0.07044151273318282,1,0.5280408746873424,No
262,89.10711965907299,3.0760053914124117,1921.2884264885092,Mineral,4.794437907998861,1313.967611041045,Composite,0.036316637105630954,4,0.625528379145994,No
263,50.0,3.538755992446369,2170.7346575466463,Semi-Synthetic,5.225258737089015,1524.9638465795704,Ceramic,0.10008867897140852,3,0.45029927188110463,No
264,74.63418537998565,2.0793264069206336,1478.6838961052854,Semi-Synthetic,4.1334867454426645,1030.8156410665713,Ceramic,0.0999506740833192,2,0.5093301974339876,No
265,86.2114777291026,3.1693608240360778,2004.0648316351349,Semi-Synthetic,5.268621024603208,1067.0037689171427,Steel,0.12291088397355066,0,0.6764253799233508,No
266,71.28325227052726,1.5862855030950198,2157.7522537433924,Semi-Synthetic,3.0242254926090455,1151.7190935602791,Steel,0.07313604476556963,2,0.00900576145362253,No
267,114.48616955897452,2.8887739386513,1266.423724798045,Semi-Synthetic,4.908959829228131,1841.462714265462,Steel,0.09354408759691389,3,0.3043621288718291,No
268,68.54787933059052,2.09609235853521,1895.895547775693,Semi-Synthetic,4.459390416327854,1595.43160814912,Composite,0.10963205303075925,2,0.24648281485740253,No
269,83.39933269954524,2.264470057410233,1648.7460506976986,Semi-Synthetic,4.233092652514787,1239.7043098526242,Steel,0.05738325414335926,2,0.6342214350607451,No
270,91.96110865929137,4.236093175210438,1775.5431980695062,Semi-Synthetic,4.4447322341631175,1276.3205314952352,Composite,0.052821045760469025,3,0.5013098595211557,No
271,111.61909933599173,4.091310120594269,1904.3029450615008,Semi-Synthetic,3.0392611216645378,1390.47114347548,Steel,0.05831344396771505,1,0.6854287521286424,No
272,68.46206773230841,3.609138120907177,1653.8314307659343,Mineral,2.8032531900749773,1917.4664462974376,Ceramic,0.06952113595384336,4,0.5494325012544068,No
273,107.4474562823244,1.907687235327421,1597.2875762515164,Semi-Synthetic,5.709828186076998,1314.8159379171152,Ceramic,0.05388336933061541,0,0.8175766507447988,No
274,90.1534959152938,2.683591550305198,1810.2457252464073,Synthetic,3.83127782180273,1213.787818835631,Composite,0.059605168701163294,4,0.27791771269737386,No
275,75.27737023428074,4.213097699979183,1473.8262183411593,Mineral,3.8170065781932996,1098.4204810155036,Ceramic,0.10642745507099735,0,0.5174467339550713,No
276,96.93155211394907,3.141716913639905,1474.2524613344444,Semi-Synthetic,2.8976905257587084,1270.4745742558323,Composite,0.07710960105517123,4,0.8328090242007541,No
277,92.98589543360205,5.319329539981695,2003.811984886951,Synthetic,2.518221694503163,1023.8934544946372,Composite,0.08920095120978308,2,0.7727978144062019,No
278,80.99674684261808,3.393317839394372,1455.3617894524032,Semi-Synthetic,3.911681121187718,1348.8277014230619,Ceramic,0.06347849635644275,1,0.05610663306497371,No
279,91.04703127485028,3.1920491164900318,1999.8937502727636,Synthetic,3.658412078491272,770.2210110625376,Composite,0.0615090371245298,2,0.1936667633045837,No
280,84.2202960470736,2.6908835357974987,1938.7773878561854,Synthetic,4.001734356742451,1121.8498231781002,Ceramic,0.08856667668621192,1,0.4754627183885648,No
281,91.70276017876873,3.1335409047822824,1282.2579813628208,Synthetic,4.087153940382175,1420.389856418201,Steel,0.08378186984010215,3,0.42954899817761694,No
282,99.9319601178157,2.847530163619456,1596.7306042993034,Synthetic,6.489461081260694,1310.7370963012063,Steel,0.10333960034924207,0,0.4803719814344255,No
283,113.79025224218029,3.7081086766885907,2158.2328209142115,Mineral,3.6614200192610453,1061.2126139845045,Ceramic,0.11904778994011979,0,0.7388570900755539,No
284,71.43276751759726,3.9567023167945843,1505.6503406580955,Mineral,5.579940107943447,1130.3926468750085,Ceramic,0.05925763387170786,3,0.5868149015006214,No
285,121.995500619844,2.2140105394920506,1660.6787213071837,Synthetic,5.642024215044945,1510.6004060076634,Ceramic,0.10583553613291342,4,0.604307270905769,No
286,60.71868300716247,1.668767046442222,1938.6182679755689,Semi-Synthetic,4.753624285271984,836.8794911929737,Ceramic,0.04760581496920512,3,0.7011840705810275,No
287,87.72322357446625,1.1637946268967034,2035.0171527847785,Synthetic,3.7648736674508885,838.6219056266009,Steel,0.1422133604840985,3,0.8222522615436676,No
288,98.82475809726864,3.507991326912544,1724.5383341866514,Mineral,2.638527663867271,921.1098143467509,Composite,0.05641087840585014,1,0.0,No
289,94.2148780160255,1.8966333938261264,1620.7469415925075,Semi-Synthetic,4.477943877333907,1196.796640720007,Composite,0.10071891709270278,3,0.384012065528584,No
290,80.65950720269109,0.8471094070475171,2226.7109585095523,Mineral,5.018812079700944,792.9785798231424,Steel,0.04738278983766003,0,0.2351096638220898,No
291,86.87816624464087,3.3885786045309643,2321.6698991392736,Mineral,5.7476874642829845,1485.9004778297945,Composite,0.07543727341559604,2,0.6425948407684557,No
292,82.6049859801175,5.492999517432791,2093.657415234539,Semi-Synthetic,3.050042045753218,922.7122623432404,Steel,0.1263719942646055,1,0.36136881332460336,No
293,81.15952864583683,2.993929088460107,1825.5954427695071,Synthetic,3.7564736108147327,1267.306667322939,Composite,0.05546887544041782,1,0.5227584850745366,No
294,102.74403145531537,3.8384907744516417,1557.520283507722,Synthetic,3.056135409577153,1026.2780697241792,Ceramic,0.14612558503658668,4,0.7556429229207524,No
295,95.35523228947571,3.081829358547565,1550.8666780330304,Synthetic,3.3665220075630775,1180.3508757480822,Ceramic,0.07984173208672862,2,0.319104218366552,No
296,79.60635607109019,2.9011103468088573,1956.7542315797273,Synthetic,4.664387534235627,718.9962271023769,Ceramic,0.10927137613947997,1,0.6088447018136657,No
297,103.49399813149876,3.9190764829877685,1925.5194662666051,Semi-Synthetic,3.3206952306342643,1500.394873562987,Steel,0.09208833720510809,3,0.9661483469481283,No
298,94.60949281314915,2.709725455811349,2220.479577883929,Semi-Synthetic,3.1757288226829905,911.5506004885797,Steel,0.09371120196789101,1,0.7494846379614741,No
299,102.1929317825844,3.267392314071903,1995.1350277608417,Semi-Synthetic,4.796995863722275,880.1349836868892,Composite,0.037216588485706865,1,0.024266792996006703,No
300,99.44443262885419,3.3216978061960134,1349.0759094720547,Mineral,4.4507387900435464,1913.7027040206278,Composite,0.06581441621065862,1,0.4124759896171697,No
301,77.56507483616892,2.3319095463569512,2115.5842853168756,Semi-Synthetic,4.350011197935174,1366.2921932872823,Composite,0.11587929387451111,4,0.6067449005830988,No
302,81.59728439704546,3.992042349536523,1500.5818118056761,Synthetic,3.3471126418009343,1488.7249224849224,Steel,0.06967036394690009,1,0.6658351568665788,No
303,101.20940407684893,2.825040243304591,1684.8086184142944,Mineral,5.293023278214702,1337.6674189085697,Composite,0.0841649624815344,1,0.42429528851382614,No
304,99.15555398150197,2.244254840507155,1875.0600618755084,Synthetic,4.014490197319791,1064.2558320040794,Ceramic,0.03357733614892547,4,0.30806333270314,No
305,89.68647609053778,3.5365098435704034,2398.700246935189,Synthetic,6.380190138754769,807.9450427634969,Composite,0.06387269176997767,2,0.5203288804546906,No
306,91.75991074963173,2.101532018208963,2732.9755668016082,Semi-Synthetic,4.161166169470045,1110.3538837723024,Ceramic,0.11369117892894395,0,0.17393458883151675,No
307,109.16497343682637,3.0281811573691284,1982.0169177408548,Semi-Synthetic,1.6666521581528397,906.5521966423313,Steel,0.041521117042191795,4,0.8299202798133554,No
308,81.12642916746255,2.9908810033557964,1745.0410143838837,Synthetic,1.622124465223131,924.5654482696443,Ceramic,0.10151237110988492,4,1.0606042921844505,No
309,98.20646071755057,4.085895565831578,1960.3516945441652,Synthetic,4.623949941845469,725.043801309091,Ceramic,0.08533334415754956,1,0.6184081905350371,No
310,86.9671102134916,3.4746982328799527,2066.296627762151,Mineral,5.300494152330805,1234.3427879386488,Ceramic,0.07292133541930465,1,0.43026843394126585,No
311,86.7347819515917,2.9749730412548563,1703.7997123328425,Semi-Synthetic,3.2161718700761504,1672.0236442577539,Steel,0.07160226373033979,0,0.7822702999740939,No
312,106.48165277980786,3.817766299200287,2338.5634067736964,Mineral,6.100978772777151,1367.4410169079347,Steel,0.06526910905766038,1,0.7315787673076021,No
313,102.38124523482045,4.390207549017314,1869.0212277574205,Mineral,5.662998936994104,1168.2628836444862,Steel,0.06794087083829112,3,0.4173377761683727,No
314,102.20264454000957,3.557810306351862,1949.3229267274182,Mineral,4.2105467634411475,1187.8284381569545,Steel,0.10789220674433472,1,0.48564692919507396,No
315,109.58218210731494,3.0103526198433808,1999.7772756163383,Synthetic,4.539453942356132,285.666806281921,Composite,0.06703868557265677,1,0.3171396982615711,No
316,90.31505762449139,1.6881637676498404,1926.4759831843367,Mineral,4.894530217388517,1072.8493734301871,Steel,0.13422770966576922,3,0.549405447480791,No
317,100.22929456942445,1.9348863369246274,2051.6821501408836,Mineral,5.889994897320515,771.9972314338983,Ceramic,0.08898597509129635,0,0.5896727420135746,No
318,85.34599865109816,2.694775295645332,1614.824044035923,Synthetic,4.682135966745581,1240.323758370683,Steel,0.06271214212915183,3,0.26596020371879125,No
319,94.86249528732664,2.390487797840717,1632.5094738161908,Semi-Synthetic,4.187931652271149,1122.0072033995298,Composite,0.10920097857456842,4,0.17759709751163094,No
320,88.04785418448473,2.813028697014554,1469.9537301084915,Semi-Synthetic,4.672301197586648,939.2086376377379,Composite,0.0987168782922973,3,0.10219537638978021,No
321,91.45493947489078,3.056649924897107,1931.8503691860678,Mineral,4.537360281449226,1233.5690113465796,Composite,0.030374706793170246,2,0.6249603987836128,No
322,98.92735538155371,3.5296927543567307,2033.6809510536343,Synthetic,4.924410187274994,1230.9837459020828,Ceramic,0.048965859289473876,4,0.4965552291139682,No
323,77.72668975149791,2.929501221940909,1937.3318598455658,Semi-Synthetic,2.4299767069204634,1655.5872118369282,Steel,0.07653739096392763,1,0.4749277559435519,No
324,121.3858091352819,3.4865016438262018,2302.3477300042614,Mineral,4.315853449947455,1405.9252501340188,Steel,0.03249176196739408,4,0.6393577767032999,No
325,74.90973927750447,3.06447441481012,1798.321194351286,Mineral,4.460440507579737,1265.091837011062,Steel,0.1427158970591484,0,0.22971140729348694,No
326,71.78717080818402,1.0245334336461287,2000.6224966777538,Synthetic,3.927152832947828,915.7456579045822,Ceramic,0.10466696546118023,0,0.17892417944864208,No
327,107.37166310250102,2.0606646061812457,1472.4897371582056,Mineral,4.784166444217559,877.9682642677535,Ceramic,0.07960001458890614,3,0.5723245756906575,No
328,101.87494040944404,2.8559124442783848,1683.8700892576796,Semi-Synthetic,5.921167620569041,1379.6544022309822,Composite,0.0697188033916021,4,0.0,No
329,99.36179725578234,1.7903052571588924,2008.6613272697332,Synthetic,4.13821713110444,1139.979188267871,Composite,0.06201009036923004,1,0.4223046407197327,No
330,99.4251826389642,3.5999287299962046,2054.730633222943,Semi-Synthetic,4.691721080707691,1274.8096773379823,Steel,0.021079035260872715,0,1.2399339117733637,No
331,89.81629840729629,4.530750832343697,1711.8099157007453,Semi-Synthetic,5.606264760451554,1493.400157251468,Ceramic,0.02801379045063112,1,0.09543876114424271,No
332,76.54118442771252,4.218761851697317,1778.52022444258,Semi-Synthetic,4.161564505941856,746.058367457457,Ceramic,0.1370336219380282,2,0.371077292020783,No
333,91.1370683729059,2.786557129069792,1344.6378759957572,Mineral,3.111536797641191,1619.1106155086982,Steel,0.12720798917697757,0,0.0,No
334,79.84257432731832,4.490726136849952,1692.8912397580173,Mineral,4.615778849087924,1490.8145360846988,Steel,0.06272666735227879,3,0.4298815825333567,No
335,104.62679600126627,3.1486674572021114,2067.114949055936,Semi-Synthetic,1.7983338632019241,583.6679334037066,Composite,0.10723997468547372,2,1.0899609284795928,No
336,87.79413927746792,2.6629140288819606,1972.5615048319698,Semi-Synthetic,1.70163296203732,1905.9277346732931,Composite,0.09519262324991093,4,0.6400752310371202,No
337,77.61754204811233,2.3865973364590602,1950.199716414363,Synthetic,4.333012047116258,1296.412895724437,Composite,0.09872863869946526,1,0.3158662072637075,No
338,85.1792123752051,2.6975303135118716,1814.932106154288,Synthetic,1.6550296169181338,1056.4385098731138,Steel,0.03724466706497884,0,1.1544231935813296,No
339,96.19397181413436,2.6118231814587713,1802.118947588453,Mineral,2.6848322575718093,1355.7186670814776,Steel,0.025754662324095207,2,0.0,No
340,81.54413170794038,3.1704162223754877,1601.9036581579658,Mineral,3.6199014364896773,906.7576089183792,Composite,0.11547783077209667,2,0.6361829479271057,No
341,77.66669406650352,3.1605739810498648,2009.6485260607606,Synthetic,3.2785836502541135,1363.8385059580653,Composite,0.0206210509088951,0,0.519473836127881,No
342,93.65530817237868,3.0030460201534144,1926.291883316817,Semi-Synthetic,3.852193496452882,961.9510624994066,Ceramic,0.07555419375852454,4,0.42589259572687505,No
343,93.67449856663085,3.43693816974635,1947.6056543978398,Mineral,5.112870140768496,1806.1078606411802,Ceramic,0.0689689302134664,4,0.7421274421186534,No
344,82.39585236943306,4.190646274786341,1642.189547199726,Semi-Synthetic,4.238480811363931,1218.0300581719202,Composite,0.06619547114970775,3,0.14540617751740986,No
345,82.93442541572516,3.949554135441324,1153.9971240386267,Synthetic,3.1606795982205407,1394.9469156218472,Composite,0.0894335246687197,4,0.5937867901616987,No
346,93.48074906036454,1.5151020315500965,2129.1458135261087,Mineral,5.354441072784276,964.1804701043583,Ceramic,0.05967222710664645,3,0.5556974968293549,No
347,68.27873487754013,0.5,1656.3487631974788,Mineral,2.571142763455809,1444.9488071680075,Composite,0.09187206387395144,2,0.23869620106588602,No
348,68.88804338435168,3.9343199112392737,1541.167270787064,Synthetic,4.221883508772099,1196.2259809493664,Ceramic,0.08423466244073585,0,1.0849986741251954,No
349,79.22333668121345,1.633121301584579,2008.043673574198,Mineral,2.4599140249882954,776.4444875034166,Ceramic,0.14296197062151275,4,0.4454488209915082,No
350,86.7982927243223,2.7752345981073163,1682.396208024261,Synthetic,4.252317905730539,1128.3711840335257,Ceramic,0.03843771824545612,3,0.45840488834158766,No
351,94.66361348397007,1.8298869739406405,2117.9809152139865,Mineral,3.681372596107402,1779.3333206587613,Steel,0.0808780695171448,2,0.1916968474112774,No
352,112.13034325424329,1.1980195624199803,1985.1017848730094,Synthetic,5.082237911526368,1457.6931078129924,Steel,0.09294035299633291,4,0.45099786466508535,No
353,102.86489434803029,3.541462728204788,2005.0707969601433,Mineral,4.7206894711942295,1086.3074793280518,Composite,0.07230792333403112,1,1.2004263820456953,No
354,87.60092205054859,3.759155160302647,1390.2132866398397,Semi-Synthetic,3.412860668008337,639.2502716997195,Ceramic,0.03988774676336486,2,0.4241864420085245,No
355,89.71475688145966,2.423489599273281,2163.58319561592,Semi-Synthetic,3.2210603591837588,950.2526465308106,Steel,0.11771308341965583,4,0.6556105829040929,No
356,74.96205953043287,0.5,1878.3751593701568,Semi-Synthetic,3.6849032669678907,778.0577987896615,Composite,0.09010802990432157,2,0.7851643195980538,No
357,89.72230296011415,2.453755551747517,1689.216858226139,Mineral,5.875571460034339,646.4975980699505,Composite,0.041993098612202184,0,0.44557930665797124,No
358,85.67012041619793,3.3918040054025465,1843.0165402026753,Mineral,5.619068481108081,1435.6773390495907,Composite,0.0931600388767478,0,0.37712290931486003,No
359,94.84077840507135,1.5210884312258712,1267.129430130504,Semi-Synthetic,3.031731814631349,1218.7162189140497,Composite,0.13104698210158572,0,0.6416791643678519,No
360,77.59153584671516,3.1833599197791558,1922.5958434442014,Semi-Synthetic,4.800225338001348,1738.5325345031822,Composite,0.0789105219975224,1,0.42762248933467994,No
361,97.79019771361759,2.9846901508270043,1491.1885475453785,Synthetic,2.268568571102734,900.7074303607113,Ceramic,0.07993361991588313,0,0.4004464781641207,No
362,112.99108369503867,3.5792914996010885,1394.1989142469397,Synthetic,3.552657538942635,1199.3157195722608,Composite,0.12704015093129958,1,0.7819669682778387,No
363,88.36859777314713,3.1195803684141534,1343.2922441346327,Synthetic,3.0724356471375414,781.7476944759258,Ceramic,0.05088848054746241,0,0.47917307392608494,No
364,96.02567583148412,2.0269310591184446,2133.8065124969776,Semi-Synthetic,5.069279457572441,1021.5379916501272,Steel,0.13182656127862044,2,0.863971951479422,No
365,100.35215987566669,4.196571501664492,1611.2209818921633,Semi-Synthetic,2.709282480211588,1133.3670114202243,Composite,0.10918733211104711,4,0.47242199352706343,No
366,83.98169292171245,2.84147042697303,2260.1183129749497,Semi-Synthetic,4.429350235422472,1087.6038096565057,Steel,0.05227343108059954,4,0.10484133249419286,No
367,93.36138722715626,2.972695460490068,1639.2595610843107,Synthetic,4.000710121565963,1216.0621891846504,Ceramic,0.059951930004676544,0,0.0,No
368,90.18888601172692,2.066732040926804,1287.792612722116,Mineral,3.8245511702704897,1491.482868975416,Ceramic,0.0642556149895313,4,0.0,No
369,91.46514147823248,2.55671774880849,1465.0426680154023,Semi-Synthetic,5.671582950744398,1459.9252756363662,Steel,0.024993073580387305,0,0.00021186012072121896,No
370,78.404853242168,2.115197285973099,2170.7434860020817,Mineral,5.759697192334311,969.1996247726102,Composite,0.08781415247212643,0,0.5799613792483691,No
371,90.36765261388415,2.827053940076577,1753.2305466189998,Mineral,3.8556071815470285,1190.8937634409053,Composite,0.053631589902564406,3,0.2086001920357584,No
372,97.46997436868175,4.7117084801423434,1635.5138110528196,Mineral,3.654083699400006,1438.2289124878332,Steel,0.08889653964293917,3,0.0,No
373,111.76715411692562,1.6280988570686437,1848.0054677558362,Synthetic,2.4931266811968333,1510.7209522288517,Steel,0.0412717024902435,3,0.46072829345751876,No
374,104.3890623912781,1.3864386021232589,1950.5348208502635,Mineral,3.99574101276079,1001.6529946037542,Steel,0.10769039710683498,1,0.1754515798607436,No
375,122.29773686267335,4.471170327493608,2135.2196447707383,Semi-Synthetic,5.953303255745991,1412.4493364400719,Composite,0.10212877790391507,3,0.6389297413771895,No
376,78.48978655667926,2.790676322848134,2234.5497689678778,Synthetic,3.8712646604720766,1299.3439527563103,Composite,0.05882362957819355,0,0.6314805941800486,No
377,103.08480955081018,2.3309272613400833,1692.0694062632742,Semi-Synthetic,4.72875928314378,880.2032659383212,Composite,0.09078947473646348,2,0.6632258846549539,No
378,92.75013008607527,4.039904687396076,1402.1856941753886,Semi-Synthetic,2.6025026760807357,1440.0473887757205,Steel,0.0824876167792874,3,0.0,No
379,122.8470439982651,2.3943844602631357,1675.9604516630172,Synthetic,3.5652250702663983,1245.4629625297407,Composite,0.12446898458458736,3,0.5136227379139645,No
380,77.87552571967272,4.826009713546936,1878.0841519748658,Semi-Synthetic,4.462465305802651,677.5828181020422,Ceramic,0.049025630963153835,2,0.46357927997958215,No
381,77.40417236728835,3.6779258713392693,1510.8723221368168,Semi-Synthetic,4.105862398048052,1111.843931786589,Steel,0.0754310606451756,0,0.1335067160666612,No
382,81.00911031833967,2.5120885918542974,1512.854725531487,Synthetic,4.824667334410561,1211.9572624754917,Composite,0.06077949089876681,1,0.0,No
383,58.141564135352894,5.1573082132655035,1903.1363644649657,Semi-Synthetic,3.3973281154413364,1018.2526563547219,Steel,0.08134454591300504,3,0.4673945236587722,No
384,82.11367467478858,2.3942850769966615,1785.4042945288647,Mineral,2.2500114511763347,1568.4685276495575,Ceramic,0.0959982080835078,2,0.8192348161268614,No
385,78.61301007669454,3.742095372009307,1809.839098623476,Semi-Synthetic,5.122090230322271,1579.3405472034317,Ceramic,0.06044577865778873,0,0.0,No
386,92.25590679714311,3.299292580406492,1572.4513995899792,Mineral,3.0638507107290915,1085.2529523261464,Steel,0.06907681335832364,4,0.250243738128801,No
387,95.12633963665739,4.301741289398798,1730.87978573827,Semi-Synthetic,4.506604027501984,1052.3323435938773,Steel,0.10898122394172088,1,0.5394605338958489,No
388,118.14256258823829,4.561511196726853,1522.7300567195086,Synthetic,4.450856866488415,1160.6295979892036,Ceramic,0.12071973985779327,2,0.8374759982580893,No
389,104.25635757279075,3.0320041490657665,2067.059523337436,Synthetic,2.336246804968008,1139.9758302579958,Steel,0.09480548105608635,2,0.4062885457456047,No
390,81.34644516506395,2.2465821296538167,2110.574800417126,Semi-Synthetic,5.049125417240026,1022.2494318594231,Ceramic,0.07586110703770524,2,1.079300884409235,No
391,76.52377992977463,3.4599721429391166,1246.143641328572,Synthetic,3.433432805471031,100.0,Ceramic,0.07300709236888553,3,0.0,No
392,97.37878757259759,2.3222846302478937,1521.146741942277,Semi-Synthetic,4.055054621986962,1726.4435626798843,Composite,0.0964437898618187,4,0.0,No
393,70.19650189469037,5.013387247526623,1351.0412234729763,Synthetic,3.6418174360344437,1200.1253891334427,Steel,0.08683301004214615,1,0.8053145149171066,No
394,117.47188148781531,3.1365353310827375,1604.9928196779306,Mineral,5.622591502232909,1146.506966421277,Steel,0.03053072486326091,0,0.0,No
395,107.69160181081931,2.6346784486878914,1774.9686090628918,Semi-Synthetic,5.343490208184063,1297.5507390155851,Composite,0.09717155696923709,0,0.6384597008901948,No
396,82.96236521842943,3.1846803058649082,1365.1064340904409,Mineral,2.1876654162292777,1175.982675439773,Ceramic,0.05418290631732314,4,0.4116402684518564,No
397,64.30298206363683,1.6528737104703035,1523.442056062406,Mineral,6.258827121908189,1070.9052466063652,Steel,0.03749190774573044,2,0.2296998192680006,No
398,110.3080856124812,2.0283859614893487,1498.8127883755506,Semi-Synthetic,3.321693267484804,898.3062040824152,Composite,0.02994965335673823,2,0.37199983745933846,No
399,88.28190232121074,4.200413907944426,1862.1801988196833,Mineral,6.102436676981839,648.4161670512913,Composite,0.07351686886450043,2,0.11327843191116838,No
400,108.56724467960193,2.3431057210286044,1820.803301110875,Semi-Synthetic,3.7437904278600156,793.6863210136819,Steel,0.04950426913452193,2,0.40449978337511716,No
401,66.0835851180845,1.9530890173180604,1583.478733998824,Mineral,3.659083293908065,864.9977799869558,Composite,0.010209153207824076,2,0.5052258003064575,No
402,81.0093746556934,3.536652752527286,1853.0462616418195,Semi-Synthetic,3.7526722669221777,1395.2766474122907,Ceramic,0.06924633479489568,4,0.375133407066159,No
403,90.07865549577275,4.1857041546629965,1635.9959746238203,Semi-Synthetic,3.59921035502051,1417.3869440293183,Composite,0.06528287495342402,3,0.32451911534561895,No
404,90.70470890647113,3.718953310665067,1718.503466902184,Synthetic,6.524396537823222,935.4602686599687,Ceramic,0.0755029665602486,1,0.5762410985121647,No
405,83.24901792781135,3.9960476858058165,2302.035627089561,Semi-Synthetic,3.9236368006793656,400.90375786878155,Ceramic,0.06113306137872869,2,0.9978715387384489,No
406,99.34274898521248,2.2432049114305395,2202.1383155371045,Semi-Synthetic,3.6977035674613106,1202.736215850563,Steel,0.13487988990581834,3,0.4201389794052813,No
407,73.98569355926108,1.5781893332581562,1410.1256289217208,Mineral,4.077010757492944,1073.5373353022044,Composite,0.09552011884050922,0,0.7459971515012653,No
408,87.8643077246806,4.501333651955487,2048.919725363752,Semi-Synthetic,3.0326648030752947,1066.1212539899607,Ceramic,0.06501160029135568,4,0.21014690059839697,No
409,91.80443447567848,2.6773201611578643,2043.4189663474776,Synthetic,5.597120534290251,1486.7812427293095,Ceramic,0.07809119487657913,3,0.09977560975253802,No
410,97.71658251088124,2.749166983544953,1455.5210133742146,Mineral,2.5289191643068687,1241.5957876418556,Composite,0.12243928002486043,2,0.6359946161942073,No
411,100.67422317133335,4.328194141849058,2045.6332931264583,Mineral,3.3859913929285947,907.0861054439763,Ceramic,0.10869868435206474,2,0.429939636924995,No
412,73.13036862243196,3.55623000940066,2261.3795755237657,Synthetic,4.9366603098467925,838.0760898122851,Composite,0.03811364556874903,2,0.8388492024929248,No
413,66.98828743896567,3.4558877720816077,1463.2365581266758,Mineral,4.042352130767432,1121.2165929045132,Steel,0.05077128317520112,3,0.897627054708128,No
414,109.16515232847763,5.165002344901084,1524.749153695721,Mineral,4.549215182500046,928.0761713431075,Ceramic,0.05654459377929979,2,0.751725452728246,No
415,94.98471017969388,2.3564817696198572,2105.298440053051,Mineral,5.53316411668543,1178.280712791715,Ceramic,0.06680900147192574,3,0.745207499120055,No
416,78.7727019516517,3.927840128081237,1881.4485932476944,Mineral,5.00380154833248,1507.8426133205899,Composite,0.06213730391371873,2,0.0,No
417,113.26727963283784,3.0570131248970847,1965.442882571857,Synthetic,4.137476345141145,786.065276520165,Composite,0.08102027764583233,0,0.6333567498701087,No
418,91.73511951439288,3.268592278863257,1902.176764920149,Synthetic,6.089342649851798,1226.3338304426907,Composite,0.10207163933056664,0,0.7588639488395013,No
419,107.6894577609574,4.528468426412532,1917.2087762784433,Mineral,3.371663851203767,1474.514994800817,Composite,0.10707980868147457,1,0.11846521935147708,No
420,91.01277722115164,3.507835756289624,1402.058361506675,Mineral,3.899690359007447,1174.1437992545673,Ceramic,0.07019607971302128,2,0.5026317534769359,No
421,120.91121887322981,3.538296079049633,2114.1953119864347,Synthetic,3.9695596684972334,1416.474268535296,Steel,0.030959194437368123,2,0.18718153569732904,No
422,116.33011263664807,4.072507337309802,2150.876997728332,Synthetic,3.8975782339830203,1113.8182523653613,Steel,0.04878770174384775,3,0.8082531784402633,No
423,86.2655377728139,2.6350472704571146,1731.1827767795917,Synthetic,2.93078934303884,1251.248423827091,Steel,0.0644067563110991,3,0.2132005804770507,No
424,104.57356426431534,2.1607903326609934,1786.9569150558414,Mineral,2.4163501748395015,1332.235479702653,Steel,0.04264896622245928,2,0.26214136791900594,No
425,99.68063924377721,1.9551908059789664,1340.6677492332833,Mineral,4.4172015743791935,1028.3992685210596,Composite,0.11422576960104841,1,0.3607849501831954,No
426,110.52947336298523,1.0336434106239982,1954.2764268053504,Semi-Synthetic,3.366526214449343,1797.2028051569998,Ceramic,0.044613768242578164,2,1.1748230665700823,No
427,75.52614809129844,5.056207129940322,1971.6172325142431,Synthetic,5.90780878898128,1373.2740540995765,Ceramic,0.0985118913420561,3,0.801401681022859,No
428,100.29077189997659,1.8967916342783169,1781.3426949002067,Mineral,3.9274576767647607,1590.8956496150763,Ceramic,0.029543589349323864,2,0.9837811576741652,No
429,105.87636730274382,2.778746376414228,2137.306007961151,Synthetic,3.74851074250851,1521.3071839082304,Composite,0.09971603303888162,3,0.0,No
430,63.618907703653285,2.7231867001110794,1699.7768307060178,Mineral,5.094339786402655,1298.1867807850233,Ceramic,0.07582193879997243,2,0.11921157614822997,No
431,72.25112231001337,3.3074066978091006,1969.3817777680802,Synthetic,4.402192637447722,1615.7368267079423,Composite,0.12537592106907652,4,0.9015738931153091,No
432,59.411517333598496,3.8157372125392968,1494.1006983923653,Mineral,3.824482572212951,1256.3744133575751,Ceramic,0.046053121803610104,3,0.0,No
433,85.95889748333164,3.8604734883597454,1792.9343547377287,Semi-Synthetic,3.3592682522355566,981.0674150476912,Steel,0.06307655598165217,1,0.2984947487451002,No
434,100.76313383693943,2.4169225614310617,1747.6937226291493,Semi-Synthetic,7.657701803999075,1204.445769468889,Composite,0.06888702195768681,4,1.116602402188357,No
435,112.53535578144042,2.8328782862135884,1867.5923766122826,Synthetic,4.361785762261738,898.1499262754605,Ceramic,0.07542499789549065,2,0.210960580908593,No
436,91.11142170629662,3.2825799504882998,1689.1419213499923,Mineral,5.084429577384396,569.4887015670594,Steel,0.06962057507292528,3,0.0,No
437,114.42923318356938,2.751308873816453,1760.5582212984996,Mineral,2.9770544797665046,944.2373270822924,Steel,0.07019964302273039,4,0.5142423513128985,No
438,69.29847812677663,4.607345576019993,2047.8141514324518,Synthetic,3.422014613576325,1221.8644598912624,Steel,0.06970812369843012,1,0.0,No
439,64.44926340967268,3.4909749516382513,1668.9707288285347,Mineral,6.112345888290289,1518.5774356464244,Composite,0.017864603522586016,3,0.8711750218918749,No
440,89.16678451655072,3.7348777860498172,1318.0268697783963,Synthetic,5.396930939355635,943.3442386270938,Composite,0.10980003504823305,4,0.23154237515309173,No
441,95.76098173408961,3.662881268667413,2324.8751712616263,Mineral,4.457622103733283,1503.0487360581465,Ceramic,0.16583409702901053,4,0.17142829132642395,No
442,89.5095787785886,4.173473857485325,2214.436223607146,Synthetic,3.6184291082029763,836.7951042579368,Steel,0.08894813313802964,4,0.5088147057992005,No
443,58.98836849940185,3.1810215587037067,1412.3211914683143,Mineral,3.765964228043424,924.1432601581649,Ceramic,0.04592747456425119,0,0.37866864425736313,No
444,88.66319940730817,1.7031680520441534,2006.9123415735583,Synthetic,3.3238892647438707,1634.7469810189355,Ceramic,0.04896384107455139,2,0.575704758104246,No
445,70.4329574924272,3.3996879517526417,1649.107568834597,Mineral,2.843150669861359,1214.2863059887486,Steel,0.09839522005674704,3,0.6564513348208101,No
446,100.04508823245058,2.348643106208171,1879.0461645993178,Semi-Synthetic,4.923844184261014,1147.913416414607,Ceramic,0.0915640842754473,3,0.4348136769569317,No
447,95.49897369145272,2.4713833182502434,1888.2672387040482,Mineral,4.538831222792059,1270.5839969723481,Composite,0.07147129668339985,3,0.15156541700419057,No
448,75.90180320508966,3.586364018755093,1729.6776599051034,Synthetic,4.736078816342273,838.0790247845863,Ceramic,0.10260213112637556,4,0.7191524855194295,No
449,82.2919962399496,4.238283071433636,1564.870300324081,Semi-Synthetic,3.663102012037736,1100.7455614278533,Steel,0.018083448597365263,2,0.29197705456930156,No
450,74.11179717166573,3.0212715767360616,1592.8376843051221,Mineral,4.255638975133164,1200.7983474379655,Composite,0.10262186381693371,1,0.23927330764828952,No
451,89.05981354090243,3.3088330125989636,1525.1424253556272,Semi-Synthetic,3.5679562350258656,1569.4142808538297,Composite,0.08713283493784679,3,0.5427981845468153,No
452,104.32713480751858,4.702214944635238,1550.4533375308665,Mineral,3.272691937229694,698.8748582095797,Ceramic,0.05012156027650303,2,0.0,No
453,75.21410930496684,3.2407531794885682,1779.8465129851934,Semi-Synthetic,5.667062436142176,1728.897094612731,Ceramic,0.03700028214857947,2,0.6172628099441159,No
454,97.56069773276766,5.601683114180394,1585.2720032667744,Synthetic,4.1215072968407425,1162.605678502487,Composite,0.08363981848236882,0,0.5587286011652568,No
455,82.04613572441339,3.5655096456315443,2004.615619713786,Mineral,4.50745433828654,866.8331253098972,Ceramic,0.12221714410303292,3,0.8365458920819059,No
456,78.10690751606484,1.2392372408441823,2246.1738466007782,Mineral,4.8357540138575015,812.5095851596826,Steel,0.07315720304008898,4,0.34988235812468194,No
457,88.39454460068163,3.7533416211045325,1625.9840275889871,Synthetic,4.134040886233024,1281.944795101262,Ceramic,0.05441944951301481,2,0.8974494596066801,No
458,74.4713651637094,3.3811583848827778,1871.821350160613,Semi-Synthetic,4.240632744025154,795.8371559794423,Ceramic,0.08573864780408759,2,0.6588928701505626,No
459,81.69526041979228,4.289752754082746,1949.9055330908802,Synthetic,2.9133748230462926,1031.9629364720704,Composite,0.13462615430370423,1,0.49196324766702826,No
460,72.03183161116728,3.6731813512699585,1941.6006812757823,Synthetic,3.1038849715634145,1125.0290817366606,Ceramic,0.09293899439191149,0,1.045008777651811,No
461,119.47087699374583,2.861544016016226,1822.7865803748261,Semi-Synthetic,3.0521852448715534,1543.1027218214476,Ceramic,0.09618205964628224,2,0.5285638192540351,No
462,90.52895327957593,1.7757017637106343,2022.8047255079168,Synthetic,4.605458416820535,1505.5360377791922,Ceramic,0.11668395907911669,2,0.34448980171170474,No
463,79.50411738011121,2.790976742713975,1944.6746858041972,Mineral,4.070890652822065,1007.1022829643123,Steel,0.09417672198151468,4,0.5371519979214473,No
464,93.20969866101333,2.1494795457907,1428.7012733018107,Mineral,3.103968436234412,1136.1950489337235,Ceramic,0.05657090878519538,4,0.33830924986580513,No
465,88.31507925463755,2.4194765501952773,2060.746819316782,Mineral,4.580098841635207,721.3845299472763,Steel,0.027663051443058917,1,0.6120940041784082,No
466,86.68545600700166,3.5885784044206095,2066.1872511800225,Synthetic,4.543456460954106,588.271346026884,Steel,0.05235040640665213,1,0.8962061845992515,No
467,99.21250050065137,4.669904504351406,1571.0141687464256,Mineral,3.3050340087006354,831.2842657222141,Steel,0.04685821084706976,1,0.49759879025322223,No
468,101.36261565070957,3.3946715298229813,1811.3813506342806,Mineral,3.972172455370726,1536.9292083977432,Steel,0.09977924358533982,4,0.5270418980219984,No
469,82.04248278584208,1.8041169379648156,2004.9986978433208,Mineral,4.547141675060477,1434.024216666438,Composite,0.10395044154047323,4,0.7393493583587862,No
470,81.3627263903298,3.4446026682201407,1737.2058541261915,Mineral,3.1416446458805765,1315.0308787789843,Steel,0.08526716185146464,0,0.8561720072324391,No
471,85.87422454272534,4.196631486645651,2121.8934143298034,Mineral,4.5662267648959505,762.712654013827,Ceramic,0.04193924069470481,3,0.36420942043525284,No
472,55.471182528966224,2.390217095680618,2509.161748385808,Mineral,4.301023604163562,986.5021267826563,Steel,0.1335979107178009,3,0.5517008018610889,No
473,67.27213406702171,2.8659828333270823,1564.2041902095052,Synthetic,3.0008002944989736,942.6536915464135,Ceramic,0.06751369358481235,0,0.7406786922340247,No
474,110.50311401166786,3.0146881947291972,1385.6866190538676,Mineral,4.219796734998102,1150.2004888138313,Steel,0.0981044303090461,3,0.5989856768231113,No
475,114.67451570251926,2.2151016869177598,1891.1455786814627,Mineral,4.3656485866559045,1131.2839330103652,Composite,0.08147974510098678,4,0.0,No
476,86.26445940665432,3.6482804338438592,2016.468751537843,Semi-Synthetic,3.373998873861201,899.4129429912514,Steel,0.08625990449749744,3,0.7948180879734265,No
477,98.6483544458365,2.8790518513922185,1730.7400878465694,Synthetic,3.452716350133791,1304.765042369563,Steel,0.09704552010021193,4,0.6568643944141207,No
478,94.66875231815304,3.419532443907028,2235.9781989963103,Synthetic,2.99158006906881,1268.6839140612717,Composite,0.05911939515197145,0,0.678184622062042,No
479,136.18321212682855,2.1125078221979,1398.4182600830254,Synthetic,3.551001030876106,981.353070272116,Steel,0.11916207278795499,1,0.1423547817039918,No
480,106.79362367151865,2.5625416996765895,2007.8755869094834,Synthetic,3.987917989562852,1291.2835174897593,Ceramic,0.032614837487381816,0,0.5457169804106518,No
481,88.0812361277885,3.7223813578277714,1618.241753772332,Mineral,3.4554778413056795,1537.2856104991563,Steel,0.04884331081892347,3,0.7530035700213886,No
482,75.66689339099361,2.627166847908233,2315.813371862189,Mineral,2.5151121017561127,1628.4182331369739,Steel,0.11877288123011248,4,0.23582581852903933,No
483,65.90330519613642,4.726963851233405,2397.7546059504357,Semi-Synthetic,3.3114119753633733,1347.1986469829576,Steel,0.09770014283313413,3,0.313836635046685,No
484,93.05195453800835,2.6003638143853975,1570.0030236649957,Semi-Synthetic,3.582707893187998,1338.3803830228069,Composite,0.156211732930443,3,0.7581437363202789,No
485,78.65473882073545,3.224684725751886,1635.132859227426,Synthetic,4.816838709632252,1127.9583257927065,Steel,0.08205051330959391,1,0.29986921256880145,No
486,68.66619435603488,3.9325908318730898,2057.8763660939408,Semi-Synthetic,4.59476491477693,1508.9138686605477,Steel,0.13101287889377278,3,0.43744733673633807,No
487,80.3014067363621,1.5816342670669683,1683.8608050631456,Semi-Synthetic,4.836221078875003,878.8945645980639,Ceramic,0.024275636520097905,1,0.1896144022678265,No
488,73.77677994578407,1.2391911880192241,1786.3766346203286,Synthetic,3.260981103001032,1474.1550430224495,Steel,0.03759455080408416,4,1.0459815701957498,No
489,115.30712452608847,1.4743436854299052,1807.616526162723,Synthetic,4.141550779079343,1113.7185797457591,Steel,0.10686576612250923,4,0.6561868295505676,No
490,103.22459635424175,4.262584103427182,1224.098053140703,Semi-Synthetic,1.5769535009984663,1647.2810481605188,Steel,0.027788965231565446,1,0.42338150698815,No
491,89.88041038025074,2.4481418541075533,1795.8486761717288,Mineral,4.428920398180988,1376.4619221120224,Steel,0.07407897178971533,0,0.36728744284033904,No
492,112.19916208335039,5.558199285668252,1593.081667780748,Semi-Synthetic,4.610897673900798,1179.64013067807,Ceramic,0.11501627250941476,4,0.13149061305578402,No
493,91.16052461471428,2.4357524013426115,1652.0631532800685,Semi-Synthetic,3.648374832139076,1129.053705328718,Ceramic,0.09503513793466005,0,0.46696997263157725,No
494,77.08073698007604,3.184551303197037,2233.089601040644,Mineral,4.295429811721782,1357.6838563345311,Composite,0.08033285660958739,4,0.6995174243570139,No
495,112.84686115904486,4.542109952567875,1423.047931716223,Mineral,2.4850757246299473,1343.1373043058165,Steel,0.06652677593512055,4,0.25705577081697983,No
496,98.08365065526988,5.006092888159123,2043.9615560243933,Synthetic,3.198933009600176,1080.4970986498417,Composite,0.08606677623775894,2,0.5316623363889147,No
497,74.44130768510315,5.061503576636397,1716.3111209004574,Synthetic,4.765449238432276,1227.5507274805038,Composite,0.09731745117126589,3,0.3897854676052938,No
498,87.14491982874588,4.208366230593143,1716.0719494512496,Semi-Synthetic,4.5112532785395745,1468.9170262045805,Steel,0.06017316989041452,3,0.9140347788726496,No
499,76.86572619922865,4.024062525811463,2037.1115688155135,Mineral,3.588145488955232,790.993122635925,Ceramic,0.09115208084036142,0,0.30899037080734076,No
500,69.25800403553495,3.592526949201183,1902.015388370667,Synthetic,4.81136231740471,1417.763466166114,Ceramic,0.11235292232596132,3,0.7331467623310491,No
501,103.89266321297463,3.7783610761666377,1971.1838991658592,Semi-Synthetic,4.138298116799911,1356.3643735078062,Steel,0.07332565600100426,0,0.9182067787830102,No
502,118.64124960705196,2.4488142836714664,2090.4553981598583,Mineral,3.4957790360778405,1555.9942426684472,Steel,0.08204368550421956,4,0.3868608188667294,No
503,69.02148639271289,2.181801116577693,1700.6074850450032,Semi-Synthetic,3.817172689396706,985.3038896090286,Ceramic,0.09451336502008334,2,0.3234267657049268,No
504,98.44453855035856,2.996625542589048,1616.328979647675,Synthetic,3.5445823086884642,1201.7148258278673,Steel,0.09654002648269232,2,0.7768106955573881,No
505,80.24036146317259,2.8298153774750716,1474.4548420326605,Synthetic,2.8162240491814723,1261.5205128014686,Steel,0.10635360718995318,4,0.0,No
506,82.69311924352957,2.5467719506727247,1552.3768410063135,Mineral,5.2566858059021015,1421.6389551600705,Steel,0.049568751320541504,1,0.6291783917307956,No
507,81.11409113641696,3.6963874474567153,2684.7283275926175,Semi-Synthetic,3.431975566707409,1328.7350787483,Ceramic,0.06413232492844069,1,0.027403462148755386,No
508,77.04013845480276,3.9553052085705107,2173.403874221036,Mineral,3.1676392857030886,828.1334703563176,Composite,0.06524363923851038,3,0.8667234995498989,No
509,90.7278244191724,3.0884068862918475,1394.6776901375936,Synthetic,2.4706516794866413,1287.3132098584938,Composite,0.0528826350451197,0,0.42437109666249956,No
510,77.53574825383444,4.477530081055262,1403.262612976929,Synthetic,1.3640321324108733,1801.2686322811223,Steel,0.02604758235926556,2,0.472766572777319,No
511,94.05685238669759,1.858310885866495,1944.5598185155475,Semi-Synthetic,4.701496868118987,1383.5272727883946,Ceramic,0.01,3,0.28272523719269604,No
512,89.24642835826295,2.806340540720282,1964.1794392133902,Semi-Synthetic,4.793608687036212,1691.41408336098,Steel,0.11586358135258941,4,0.02518782101833633,No
513,86.41577929700385,2.283177679397195,1964.6651505952093,Semi-Synthetic,5.193038584594708,1512.9184131884438,Ceramic,0.03338320986657372,2,0.879758131289615,No
514,76.38654506937603,1.13346338292694,1723.5132619338906,Mineral,3.850960683829818,1608.7205806315228,Steel,0.12699527380117726,0,0.4486827474922121,No
515,81.34843004147501,2.9173193141573006,1762.36372199913,Semi-Synthetic,3.6780074727064047,1292.9905982954115,Ceramic,0.10218228465849388,0,1.4626305820124088,No
516,101.33086838738635,2.8782524916167165,1898.3638572478071,Semi-Synthetic,3.4922768866968585,1356.5535328836352,Ceramic,0.06782934860581241,1,0.2569454590821295,No
517,97.5137578143657,4.5134497432421306,1825.7679018879992,Synthetic,3.583442370161797,1276.6553269924125,Composite,0.09849266314444201,3,0.3059917620252203,No
518,75.33667132802174,3.6308116845547778,1134.2098881757395,Synthetic,5.119790350740187,1201.3022595148568,Steel,0.09275399740141164,4,0.23082676559900817,No
519,91.48998458143839,1.975813175670795,1731.0601108274418,Semi-Synthetic,3.973484751271042,1422.6584940207313,Composite,0.046946769111806785,2,0.44715183223859395,No
520,101.27080685057683,4.854092566334188,1544.5780697219059,Semi-Synthetic,4.378070796001403,1043.6994182978397,Composite,0.07955066679111109,0,0.9725653723353279,No
521,64.95892078317942,4.221033695525353,1852.5634256725536,Synthetic,3.557993168039596,1765.61469480439,Ceramic,0.050604836823755245,2,0.8030412010321053,No
522,98.15040288569902,3.582097703468616,2695.577700781023,Semi-Synthetic,5.320847906220707,921.596109693518,Steel,0.09962384006513277,4,0.04863384992462022,No
523,80.0606436158123,2.773515901150168,1910.2444996422914,Mineral,2.0952611205652607,1443.4164359751476,Ceramic,0.05854337144601837,2,0.8612360227391558,No
524,98.5589800288974,2.0405607632765204,1705.9410941482806,Mineral,2.7794758252819545,1613.6014251910767,Ceramic,0.07710111391409984,3,0.7048373858363384,No
525,78.55111265186224,2.627793223928947,2076.5404505931756,Mineral,4.379710524234558,1147.013473811879,Ceramic,0.07580603242967751,1,0.6444163479955469,No
526,62.92676849003222,4.088748619704186,1944.8063661627639,Semi-Synthetic,5.750610751230935,866.1068066585508,Steel,0.08364737001618147,2,0.29472774996787143,No
527,65.58686343175256,4.884586305934609,1926.0283471355524,Synthetic,3.7748998002412297,1546.6588767847065,Steel,0.12987665243342067,1,0.3170269104117754,No
528,90.72127419992073,4.543243528272189,1982.0551779647012,Semi-Synthetic,3.1576291942726566,1261.0185930150765,Ceramic,0.07277118251432245,4,0.5411201699676803,No
529,93.89583752582223,2.511150578213726,2416.9630694488624,Semi-Synthetic,5.000662705158344,1443.994821780523,Steel,0.11653781425923546,1,0.3340512013915169,No
530,76.43525062343387,1.8803825667109888,1460.7334694022252,Synthetic,4.3236984420149,1167.1636203488047,Ceramic,0.09439990983005113,2,0.8937895952267401,No
531,99.57888688166061,3.140886246911204,1942.0896230434364,Synthetic,5.290213811994244,1719.577404696719,Steel,0.12255207638109747,2,0.3212132971623023,No
532,65.0771990659656,1.2315606344371484,1522.0856610055384,Synthetic,2.7096489152556584,564.8975843380955,Steel,0.06984692645555543,0,0.0,No
533,89.00880302029024,3.3231677141847813,1966.6537939026746,Mineral,5.211668486010926,1312.8532653851203,Composite,0.10088408725908704,2,0.10956291699113574,No
534,71.83475700356315,2.8523974137013313,1524.3940465541716,Semi-Synthetic,2.4515425432317284,1602.5248451254793,Ceramic,0.07822195932198978,1,0.12861098815254035,No
535,80.22245838296762,2.5339634981317576,1674.7899559184748,Synthetic,3.711827853845133,1231.6017134488188,Composite,0.01,0,0.4209955779130019,No
536,90.71098006974621,1.4052969327332046,1711.473025728628,Semi-Synthetic,4.412782752823926,1290.7076079050735,Composite,0.04730469244938574,2,0.5648198100707973,No
537,77.09379952074072,3.5136001065697164,2092.7450158034126,Mineral,4.186013378199094,1069.7964562298976,Ceramic,0.09747130837858255,2,0.5161401310025875,No
538,84.23166683655262,2.4672991603380887,2075.5363331827243,Mineral,5.060592335982367,1206.2065523599852,Ceramic,0.09548794748839995,4,0.6382726993076062,No
539,105.0943921382166,1.830083164289712,1426.2847870660846,Synthetic,2.1733399829907762,698.4430160591085,Steel,0.041150678340952304,0,0.4243159927847958,No
540,81.34662195715276,0.5,1816.4802332999545,Synthetic,4.141007479699037,984.4706002140925,Ceramic,0.08661102646514011,4,0.43492790157780903,No
541,102.53538168097712,2.9724850949493637,1587.1260435752483,Semi-Synthetic,5.199642032783947,963.9734618693315,Composite,0.09509780679576516,4,1.0255579922906062,No
542,73.05439718013574,4.772251596669744,1422.4485267973996,Synthetic,4.059294227072097,1400.7371973087895,Composite,0.0789600329078718,4,0.861607271378263,No
543,97.94706266872925,4.66125921454787,1734.8948848726889,Semi-Synthetic,2.8576603202332977,1028.5890722136796,Ceramic,0.10186455912978909,3,0.6224901445713693,No
544,111.6235293098685,2.5429037434137283,1707.4551634632542,Synthetic,5.007507394826653,1037.257335018054,Composite,0.09777665923786306,4,0.7750011427031681,No
545,52.92533249809066,2.3977879396382193,2528.0149459036566,Semi-Synthetic,3.351689729856304,1086.622991914458,Steel,0.07894569261785878,1,0.0,No
546,78.04657116794284,3.4687742560750237,1929.8879476082088,Semi-Synthetic,3.1756769879371216,975.4065892454048,Composite,0.06467525543407644,2,0.25323841432536776,No
547,98.6560819077081,2.0016145608117086,1386.7147497737287,Semi-Synthetic,3.049864247116493,1280.7066807785093,Steel,0.11127624776277528,3,0.3703389457983589,No
548,86.9543192093551,3.3017918998194657,1630.5677987487175,Semi-Synthetic,3.8013148870510376,1313.2894408298728,Composite,0.09389486293636463,4,0.2567702113942988,No
549,95.56718810056964,3.76608027838469,2106.4149886288196,Mineral,4.18306022037287,1447.5055739165277,Steel,0.038557020424091065,2,0.03627880735744177,No
550,80.94022219926269,4.226933223884307,2426.5328318609772,Semi-Synthetic,2.7308999452969207,1395.8250246863827,Steel,0.08662692968244162,0,0.626163140769737,No
551,91.2988468120935,2.899845923520047,1324.2050063286124,Synthetic,2.936354123270056,1365.8273234954102,Ceramic,0.045469258716267995,0,0.915724327785386,No
552,87.66484146911881,2.796326249823034,1236.0226844582864,Mineral,3.305517124137782,1101.3094998007668,Steel,0.05106296202712475,2,0.4961570831001931,No
553,107.5167309248971,2.122017413243439,2361.2895526115344,Mineral,3.0450113521133595,1082.0688748986363,Ceramic,0.06044269893843089,1,0.6944546136901959,No
554,93.8163126495182,2.17311964596014,1916.8842532112712,Semi-Synthetic,4.03675822654943,938.6366992954631,Composite,0.08134619706979106,2,0.4872398138037308,No
555,95.06403993112804,2.7735211080984734,1539.5121804370901,Mineral,4.36122159640088,933.2268933317696,Composite,0.09123456732773857,2,0.3675083570969782,No
556,83.821845508163,3.367365506816178,1960.3887258367306,Semi-Synthetic,4.223873810266593,1258.2784229037782,Composite,0.06773174332276186,3,0.7757589677053169,No
557,82.6859066389126,3.9135846262332494,1009.2756782949367,Synthetic,4.225331888747802,984.1751877659757,Steel,0.06904452151118796,0,0.07154271775772775,No
558,83.51162718270568,2.196821049319655,1801.0126519791484,Semi-Synthetic,5.670991715288611,1640.4972400067877,Composite,0.06490269034094957,0,0.0,No
559,95.91678213567445,4.4926885689595215,1898.3463518529256,Mineral,4.4236835996271555,1188.749753077652,Composite,0.11142540911262885,4,0.06731005342687363,No
560,83.68523278769605,2.728876398957431,2077.281041861349,Synthetic,4.783964247889247,1650.417032147862,Ceramic,0.01,2,0.7560763934828265,No
561,94.34662285344619,2.978632705651564,1495.8312143122387,Semi-Synthetic,3.585384250223027,1371.5301163713502,Ceramic,0.07073967770975652,2,0.5261633320658262,No
562,121.13101197968157,2.2527883208521766,1825.7061484210078,Synthetic,4.944006142661491,966.8290696584866,Composite,0.126349543861471,1,0.612961393774036,No
563,103.06687055147539,0.5757597397270584,1522.3726121821237,Synthetic,3.5376474762066783,1181.3861434254547,Composite,0.09551690150832161,0,1.0030768980372646,No
564,85.10964701748239,3.8840453963610497,1876.6151267022951,Mineral,4.41144832758859,697.9642976646851,Steel,0.11800541721701374,1,0.1509980976346546,No
565,108.01820883245918,3.7368438970924336,1531.3961032910927,Synthetic,2.6286331318176175,1257.1276065195855,Steel,0.018972534214672307,3,0.8612511107491603,No
566,83.87886940467673,2.7186724428817866,1677.5697482519338,Mineral,4.166234131988122,994.2694776464048,Composite,0.04273252305592632,4,0.3811026757554113,No
567,59.428131972332196,3.066990717224872,1501.2553815629312,Synthetic,3.0246197648306623,865.9625975354217,Ceramic,0.09542144422059404,1,0.3354917374259785,No
568,74.87870533623894,3.5159392177040996,1995.3408725470972,Semi-Synthetic,4.9360356544839075,1656.644027564414,Composite,0.12651891779773006,0,0.5243661131754811,No
569,61.938121184612164,1.4374541431134573,2057.5353349969996,Synthetic,4.875876461998784,1509.1763222952864,Steel,0.045762913494658164,3,0.5713208767039586,No
570,84.72729773938038,2.4709473226537053,1729.6138290127758,Semi-Synthetic,3.5333726124409073,1500.9116936287387,Ceramic,0.06836714651880432,2,0.43683735812802804,No
571,90.27627568784328,3.7942646796218273,1811.4713984880084,Semi-Synthetic,6.04957492862454,1434.6333829952832,Ceramic,0.09204392425600985,3,0.6830942903184896,No
572,115.14655968412924,1.7457105768307506,1365.4225756099368,Synthetic,3.714121703806525,829.5332867622651,Steel,0.036425048087369086,1,0.5255729230433231,No
573,94.90391060646245,3.293557932166629,1710.097005597964,Semi-Synthetic,2.387981099327473,1079.8561521579488,Composite,0.0956507377874295,0,0.440200514974262,No
574,86.71349206786704,1.643418195376595,1784.9386148874767,Synthetic,3.2208820296373197,1098.148907559034,Composite,0.01,1,0.3751147592660657,No
575,102.44108371775233,3.4664299824335263,2586.2379273089928,Synthetic,2.955858977642149,687.0788777703207,Composite,0.09476718393394565,2,0.5715039397152948,No
576,56.832970364881724,2.9643585177025162,1466.4098922677508,Semi-Synthetic,4.379602101786254,1032.8996715468031,Steel,0.05014745096336472,2,0.0930026517661684,No
577,93.53421837162848,1.3848681840944905,2239.2531716257313,Semi-Synthetic,2.7646369733275478,1036.1706073148869,Ceramic,0.0665720842845076,0,0.1776608510060036,No
578,101.5629779083045,4.164739354457171,2099.057632039742,Mineral,3.4607859841937545,1237.7996842484886,Steel,0.09955651843810903,4,0.3897649792411456,No
579,67.82120631330238,2.2654084232019507,1884.190921347041,Semi-Synthetic,4.3145521705367695,1959.716280071503,Composite,0.09341756466476753,3,0.6634625179068767,No
580,107.15631064810394,2.189747562985619,2327.58614525854,Mineral,4.138645894711803,1193.7311170185783,Steel,0.07976056386944887,3,1.142855037117457,No
581,95.07744611241621,3.200569197230943,1911.631641782059,Semi-Synthetic,3.9873561876582206,1237.9543363709001,Ceramic,0.10907121654906049,2,0.4522023092349191,No
582,83.77068129148797,4.148637349428715,1916.7477587003787,Synthetic,4.126000519044068,1124.9369181707575,Steel,0.028994719621435294,1,0.0,No
583,99.49172799159427,1.984178181021603,1784.0638040947365,Semi-Synthetic,3.6294999024923458,1421.3138640161233,Composite,0.08613243114504242,1,0.26292574711031025,No
584,124.06039286706593,3.061679849847972,2167.0706647255884,Synthetic,2.3962479443336697,877.8248374062669,Ceramic,0.05629489607424552,4,0.6976675548776691,No
585,92.72799382587743,3.428816500330573,2128.940770143265,Synthetic,3.603161779255355,1768.8112485461816,Steel,0.10754094406039959,1,0.20891536731531574,No
586,93.72330879450504,3.693105607263144,1612.2968137511364,Synthetic,4.4687497843152855,1162.7522377599541,Steel,0.10061201208908359,3,0.10827642263646681,No
587,83.10958650689633,3.176441555277225,1404.22584162037,Mineral,3.8630650113905958,1081.4430500906806,Ceramic,0.10170044656592014,1,0.6961006704842236,No
588,77.25233445802812,2.632972160916678,1739.1058087813028,Semi-Synthetic,4.3914883731305006,1491.01112209914,Ceramic,0.12936145498121404,4,0.6394640182678739,No
589,102.45503724816368,2.1724097793512804,1559.9884306807062,Synthetic,3.413216970490515,932.723222386544,Composite,0.11379042597304934,3,0.05823777717296108,No
590,77.15874261136699,3.0861438830463745,1780.9426276153936,Synthetic,4.994336079877929,1415.7752949166,Ceramic,0.07527735998679767,1,0.23150199636329571,No
591,91.07349355829089,1.927860988014393,2171.2314404052418,Mineral,1.4436821325286662,1621.5510166786082,Composite,0.07996196439537509,3,0.8734010530452485,No
592,82.83513829852325,0.5,1662.809503473963,Semi-Synthetic,4.141440512923355,1127.5971682790973,Steel,0.0980281514213518,2,0.7558532810283023,No
593,97.18469738619588,3.436559804157668,1787.1529856065276,Semi-Synthetic,5.348880347121279,1815.8524839239612,Composite,0.08408524024243488,2,0.14078854525964668,No
594,95.00493157930423,3.9039348410861954,1817.4068204425187,Mineral,5.497698516041463,1393.2874578783762,Steel,0.10115519965729153,2,0.0,No
595,105.56309916386849,0.6370675644581616,2054.5292646615853,Mineral,3.7681738307575245,1397.0082778993287,Ceramic,0.013090387256809152,1,0.5805553747582615,No
596,82.3497540171788,1.9902692952900625,1125.9331998046184,Semi-Synthetic,2.673801844357116,1609.7596005557969,Steel,0.13642410556379947,4,0.41117960142838106,No
597,85.95187597059943,3.619154261005198,1617.989911570411,Mineral,5.366472842343359,1689.220486390912,Ceramic,0.08183085750668963,3,0.5545225690181215,No
598,75.3185442632654,5.057495469711698,1863.3851076838419,Semi-Synthetic,3.9481348331944393,1278.551695921914,Steel,0.031326040073223205,0,0.6903985831531815,No
599,83.33560109885832,3.020793707675408,2160.0236869280584,Semi-Synthetic,3.8410304607301193,1439.0716324130813,Steel,0.05258619945249436,2,0.21311917478119335,No
600,95.65950739567279,2.2719970587708653,1652.4292657481385,Synthetic,3.1071453591222693,1618.9024479482784,Steel,0.01612018846492333,2,0.3703563420242304,No
601,101.35482924968028,2.81710355889516,1237.0341881874378,Synthetic,2.7501125191417426,851.4566770915688,Steel,0.04729294759442748,0,0.23028244288826033,No
602,76.16752013733561,4.374876419148185,1985.9134337898408,Semi-Synthetic,4.563863168924354,681.1492801102057,Composite,0.07573254714080643,0,0.2410294901058529,No
603,103.0440888015849,2.3540358208754646,1609.3912833523111,Semi-Synthetic,4.669871454758661,1182.7338238782286,Steel,0.12544143837483207,1,0.6694277579973289,No
604,110.33456788207427,2.2008079933497466,1443.1000022728917,Semi-Synthetic,4.201544001799421,673.9525927741861,Composite,0.09232023756259403,3,0.5432205744033246,No
605,96.20152354835551,2.5172564778179676,1612.6963830860327,Semi-Synthetic,3.2359542184061567,1105.8014711076144,Ceramic,0.08698581835893728,2,0.031117468966779027,No
606,118.151937188371,2.0466713917412878,1744.6423927032452,Semi-Synthetic,2.93500117489085,1294.3120602597412,Ceramic,0.04594686436352865,4,0.7175310925749536,No
607,78.3931620134464,3.1226703159947955,1618.576600638536,Semi-Synthetic,2.567751344780107,1117.308370183462,Composite,0.05526544083039466,1,0.39497897762654016,No
608,71.33017945032874,4.62467845846956,1138.3301828702793,Mineral,3.439454823922027,1157.5220855688926,Ceramic,0.057592169198834156,1,0.7313496220483765,No
609,63.319196266435824,3.3230792731160292,2069.1198590661397,Semi-Synthetic,2.994146435251036,899.5000459137225,Ceramic,0.05881614163441684,4,0.19557858621612872,No
610,112.44066467233775,2.7476464978737125,2182.4625123836167,Mineral,2.2906903047089546,1436.4430631912833,Steel,0.06945389371254186,4,0.22229359439071084,No
611,99.81548484531086,2.708188731084456,1995.4565974018517,Mineral,4.651345012353048,880.9609898632981,Steel,0.07171966814850558,4,0.5755136894320004,No
612,89.16622993634317,1.436809191303343,1458.694298872555,Semi-Synthetic,2.6809361385150328,569.12948068349,Steel,0.06982764879119456,0,0.17106197354909752,No
613,94.19952939479731,3.883109777147159,1739.5525398157447,Semi-Synthetic,4.983922681430734,1137.798368240034,Composite,0.05986027309194553,2,0.41753564877747007,No
614,73.11766429052435,2.9221628029871978,1798.0436054311626,Mineral,4.394071710113463,1474.5059774759868,Composite,0.08405159497436679,0,0.1369779612922178,No
615,126.68627969425239,2.8195200864093746,1979.6383168685732,Mineral,4.294341187618399,1223.9492375648929,Ceramic,0.07056755649899675,2,0.38258908007850495,No
616,91.93831772962841,6.19310756784486,2000.5021466154242,Semi-Synthetic,5.6653090460600914,850.5608954759296,Steel,0.03213298261333318,0,0.4904437304585307,No
617,91.64092191907339,3.298752908365686,1579.7478603664513,Semi-Synthetic,2.7141973659354752,1230.5852902219008,Composite,0.08103145466773805,3,0.5045773804702276,No
618,100.88649935848038,2.2482089499048157,1824.598666924068,Mineral,4.873771996048796,1331.491111430505,Composite,0.0764970800665527,2,0.3905758186200953,No
619,97.2151384760507,2.5736424037944565,1937.1841213845723,Mineral,3.7023574269785704,1227.095007455678,Steel,0.032611176423344726,1,0.6000050900954415,No
620,93.35826036418698,4.148445709196755,2236.7466966440297,Mineral,6.57107015662954,1120.624725933424,Composite,0.062260956599103856,2,0.5443397136536114,No
621,78.14288316832032,3.1132704105377647,2011.3519619474168,Synthetic,3.6192055688607905,1345.8116044928245,Steel,0.09791217683034076,2,0.473190000878959,No
622,97.07202535703993,1.5617220216826333,2036.7170062126556,Mineral,3.4576916638743818,678.4719291539564,Ceramic,0.045906501840178866,2,0.31224484018666876,No
623,118.2303674471255,3.9192289345752034,1825.1479883788083,Synthetic,4.425535774857266,931.8133827712259,Ceramic,0.042734627908145195,3,0.8204731248735526,No
624,110.18130069232467,2.331855914461006,2223.137743561051,Semi-Synthetic,3.7910914677913605,808.4375706584069,Ceramic,0.07025349134024785,0,0.6158861624697782,No
625,113.89779939959095,4.873297776217545,1922.9288387878491,Semi-Synthetic,3.2415370377001307,1604.515911596447,Steel,0.09868796809435892,1,0.18916734083240133,No
626,82.33176485353222,4.0800480657146485,1541.6736269479288,Mineral,3.0297232160641627,1413.6095162965162,Composite,0.13430982772168087,0,0.6946651627071477,No
627,75.15592769612128,2.5526781043412488,2221.0109910375572,Semi-Synthetic,5.458204488387404,1255.5375102942053,Ceramic,0.09976806064561052,0,0.7626480910858028,No
628,88.11319619850528,4.281016361735113,2009.3709817617082,Semi-Synthetic,2.8365383681000083,764.8135039941576,Ceramic,0.11254483220468325,4,0.4755305722123468,No
629,90.83587368433042,3.0678555105274032,1667.0867936614554,Semi-Synthetic,4.2230875603805,1423.2443366844357,Ceramic,0.09040092885504991,3,0.4954738021776182,No
630,106.41287277706422,3.8527736751222195,1656.152109780227,Semi-Synthetic,5.056184139626096,1615.9620404975449,Composite,0.05944652061071809,4,0.0,No
631,64.61303055427771,3.484732817294475,1888.9726635422285,Synthetic,5.104494985442633,1371.4484209390687,Composite,0.09955133229790737,3,0.2469676770029826,No
632,112.9432547919092,2.1536433450091264,1938.9554385802753,Synthetic,3.39834759781856,1189.4467750489327,Steel,0.07743175853215638,0,0.7531083249057962,No
633,87.62988152131516,2.356450167682538,1859.1876796893619,Mineral,3.7938151993742375,1389.5154095551845,Ceramic,0.0913110151348404,0,0.265213040539238,No
634,83.5967839507887,4.029960817581161,1893.3926020328654,Mineral,3.599806498985627,1281.8748342758067,Composite,0.05161910520947117,3,0.45204742334558745,No
635,74.81843437109748,2.665224667893459,2309.987212372914,Mineral,2.464981237334125,1477.8228700919217,Steel,0.09399337402519418,0,0.24241396098027007,No
636,65.17714992201346,2.5963515367580032,2121.4629456704656,Semi-Synthetic,4.537517383020115,1471.105692537886,Ceramic,0.07638475409702311,0,0.5692446754495191,No
637,102.34755875942872,2.0448774206506473,1857.1906773795074,Semi-Synthetic,4.038503645634809,1133.680339016902,Composite,0.08693773241552251,1,0.6181227665428676,No
638,91.09976950782605,3.423599065593461,2082.3931742302448,Synthetic,5.440585080601879,1001.807585134767,Composite,0.07744780475524604,4,0.6261423985205549,No
639,70.6505865038842,5.062524919243145,1490.242828941738,Synthetic,3.1767949026985773,1080.0531177941466,Steel,0.07168390653974951,4,0.1581917121179897,No
640,70.57381841904575,1.9324670857457271,1919.3781149840427,Mineral,5.088696558617696,1360.7551005014802,Ceramic,0.09454072338855225,4,0.532010632050966,No
641,84.96322951064808,3.0242194566727583,2342.791904919933,Synthetic,5.159234150284204,1098.1681044606576,Ceramic,0.06781726613325309,2,0.972970928396567,No
642,115.0353228793409,4.412220555415429,1734.586231382288,Synthetic,4.047071686807888,974.8411145538529,Composite,0.03233935608867231,1,0.7245466215453984,No
643,86.10612972954593,2.920358608754285,1545.7098214142745,Synthetic,1.8291384291663308,1199.713988624038,Ceramic,0.023780897729526643,4,0.5279993708273267,No
644,67.45285570322841,3.452371796249734,1604.3733334220817,Synthetic,3.4874323425557097,1532.2370792006855,Steel,0.08553249708280933,4,0.0,No
645,86.31385403871083,1.9376064718531203,1473.1100887972834,Synthetic,5.7858711243041165,1240.532420140219,Composite,0.06658346555813432,1,0.42519305656706163,No
646,85.90914645378494,3.4283070972076484,1564.571427561689,Mineral,4.29705577149191,1117.1346011998717,Composite,0.028127024677038488,0,0.993909674194283,No
647,50.0,2.812855734995451,1688.8475704229913,Mineral,4.693399705871886,1296.1295378840296,Steel,0.08319604901161341,4,0.8955820508039296,No
648,89.18557700223282,3.985729995679863,1378.3298942464073,Synthetic,3.9108334183650317,1225.2117627149603,Composite,0.07718376335079923,0,0.6384254974359387,No
649,86.53598204686983,4.187386051564751,1804.685500184881,Mineral,3.7765570901368717,619.9088876970966,Ceramic,0.06501159220331804,4,0.28420087637156355,No
650,100.44309547220128,5.589563642018614,2070.683152135994,Semi-Synthetic,2.1326554313004937,1409.0277429057476,Ceramic,0.08740427954542558,3,0.5156836947336353,No
651,117.73434142418017,3.5796331732135758,1527.673145955924,Synthetic,4.794739217055307,1322.2375319841328,Composite,0.11945282030323412,2,0.7320442500156576,No
652,106.89847544321637,3.3257963165821662,2255.785177092531,Semi-Synthetic,5.079681204722377,1204.8515396837238,Steel,0.11853772156055417,4,0.7821617580887792,No
653,85.96666964167754,3.194384301577336,1953.2376265582784,Mineral,3.0491377145333116,1518.7070102168761,Steel,0.08431293929325755,3,0.5937860916937489,No
654,73.40211136887494,2.6468337071893115,2109.174175687217,Mineral,3.8211448784916926,1563.8998092750594,Ceramic,0.0774586870141144,1,0.756511904815295,No
655,128.6003970487479,3.3384838434616912,1602.649633844359,Semi-Synthetic,3.686258722645709,1439.6305984420653,Steel,0.08473205622835044,3,0.4823922261011481,No
656,90.88827651021732,2.7045985898609706,2056.3575681199845,Mineral,4.420153293986286,944.9097551893398,Composite,0.08927020798323045,1,0.4691280010728004,No
657,90.2089393786942,3.168460976269614,1472.419829881406,Synthetic,3.455636418490905,955.286666811912,Composite,0.07195105468825835,4,0.3623254934683993,No
658,89.63812369334995,4.31759753560796,2067.0742502509524,Semi-Synthetic,4.9313409231830025,1535.200662000595,Ceramic,0.08523629179859307,1,0.6273610497104994,No
659,92.97127141151782,1.9934574347203589,1851.5518019380593,Synthetic,4.071324316124489,636.83282191644,Ceramic,0.032791112868746086,3,0.8001020816701465,No
660,87.83459382114086,4.139878561129045,1965.9753659954351,Semi-Synthetic,1.4505769444153023,1155.345745451366,Ceramic,0.08244046650040293,2,0.7125331612206457,No
661,81.39506989679646,4.3171150673398655,1447.3216183125446,Mineral,4.442720275192643,1331.9477421093247,Steel,0.09430440785073814,0,0.13458905559436712,No
662,81.79711588139412,2.881931473008921,1531.4790473170185,Semi-Synthetic,4.996350987590784,674.8776793657487,Composite,0.06530474173980783,0,0.15065770544813706,No
663,89.50870094676003,0.8781451009914054,1979.1684654760154,Semi-Synthetic,2.8479383397350615,1270.3029716550898,Composite,0.07713582067141704,2,0.8310919650537393,No
664,81.84862843299352,2.3921780129055676,1515.4955987327398,Synthetic,4.408726934974574,1486.3287229757857,Composite,0.04665483857896628,0,0.5529718441353327,No
665,79.30731325984253,4.296994546561109,1938.9618876297368,Mineral,5.82995966975421,754.3271789689572,Ceramic,0.0424905925112206,4,0.5646944454429977,No
666,91.59645341537845,2.977131937701118,1389.8586580619262,Synthetic,4.112066375178239,1697.4510620082474,Composite,0.08632445233877573,4,0.5579343901070074,No
667,86.17534173868717,2.0006977677050894,2054.4522638000003,Mineral,5.14162886432949,897.050977170327,Steel,0.05811310952787152,3,1.0254918504720691,No
668,112.55989482874033,2.4952250787717825,1430.2430055694472,Synthetic,3.5578450297634796,1372.420873943109,Steel,0.02669523015271926,3,0.3661145545532243,No
669,50.23545287410482,3.840620026504553,1965.689981303857,Semi-Synthetic,3.982035711542844,1174.9210714924102,Composite,0.04664665102596674,1,0.8349902407028428,No
670,106.37260277883692,3.5467335682013794,1987.6892800938003,Synthetic,3.7953787120736546,1220.8546871101355,Ceramic,0.05100862718623793,3,0.57008210729605,No
671,108.69127788746444,2.7610679008303056,1590.9684544711276,Mineral,3.6128795736524433,814.951459297753,Composite,0.10323741493195225,4,0.019846106220484216,No
672,58.89914651387776,2.6331755881853125,1974.607970125418,Mineral,3.8522779549169237,1578.1418887059176,Steel,0.08537342034105402,3,0.2525443159962147,No
673,84.85968608879477,2.608241850956178,1878.1326790000667,Semi-Synthetic,2.3693182190756827,1297.76503900507,Steel,0.053851934055281,0,0.3178908248912165,No
674,84.42838701006313,2.0775898155014976,1638.3474431421785,Mineral,3.6691198656167034,1686.2520530709467,Steel,0.06236702285086522,1,0.8279324043398351,No
675,68.88732457923268,4.615375689469442,1497.4335947771376,Synthetic,5.337806455426785,822.774833826292,Composite,0.11936253248321678,1,0.8681893420377731,No
676,78.33274968613686,2.67767953078866,1211.2122924982264,Semi-Synthetic,3.036309943148167,1145.6296098363919,Steel,0.10808307305590853,4,0.6061561552335019,No
677,73.34136231801257,4.217158520825496,1904.8950141899081,Mineral,2.9338667285266897,1262.8587719106622,Ceramic,0.04645818716054516,3,0.3431680160956113,No
678,116.28405665135435,4.521316051922451,1330.5591685913835,Mineral,4.061212371394755,1218.1149441884775,Composite,0.11490577578878979,0,0.22670566518492874,No
679,104.03517589721191,3.9983108981479605,1828.6032598323925,Synthetic,4.111183143357245,1400.0356034017261,Composite,0.0775811357465057,3,0.8412743055984802,No
680,109.07332642491238,2.5683796872819515,1720.9655351753254,Synthetic,4.377464719053986,1141.8244374228373,Steel,0.10398834878168732,2,0.11463427732518272,No
681,100.82508096064853,3.4037300903366097,2003.7428326314587,Semi-Synthetic,3.886261426815361,1836.6078138902058,Steel,0.07510076134995479,3,0.46883291472571514,No
682,73.06422343174157,2.9758043936090837,1709.3863501530407,Mineral,4.071864164458334,1211.9526966564538,Ceramic,0.11557487596226525,4,1.2093413630960022,No
683,82.1321960058034,2.096298139269872,1701.1656640958727,Synthetic,3.6491152263710007,334.7536692712997,Composite,0.045211381653806046,3,0.344063843588704,No
684,97.34061841841877,3.3243592817216028,2019.5612112864887,Semi-Synthetic,2.724203844700036,1225.2603025018116,Steel,0.07233648705855453,1,0.11849053109626595,No
685,71.66808286662082,1.8209602088401975,1900.5174087252353,Mineral,3.9286081316893493,1578.439195459855,Ceramic,0.11649379333697352,0,0.0,No
686,100.69497645258582,4.1876793884615635,1894.8467871548335,Mineral,4.724596996442464,923.0081694448398,Steel,0.01,4,1.2212013268492097,No
687,86.39511902762797,2.535382702701607,1940.780276942558,Semi-Synthetic,4.515054626352335,903.9734432486291,Composite,0.07861815787626604,2,0.6045881298366639,No
688,84.37768788675604,3.2011596558728392,1339.3283630378683,Semi-Synthetic,2.2557578730607126,947.8830880981229,Steel,0.06819361040380438,0,0.23927731741956637,No
689,100.66439952305237,3.283287871546142,2027.0366039960945,Synthetic,4.251925363309082,877.0569570068612,Composite,0.10053983691631235,0,0.4432590142554748,No
690,96.6639496722906,2.741095026295923,1983.7406382040808,Mineral,3.1072304741428307,1056.1794858882017,Steel,0.11209740306232915,1,0.3011132546721055,No
691,84.5855075127138,3.586693801475275,1494.9950614270508,Mineral,5.392164005221382,1472.7891679047661,Composite,0.10190851457920894,1,0.0,No
692,107.38994705046372,2.5250963433774753,1726.7758578977396,Mineral,4.32626978292838,1657.899818523808,Ceramic,0.08723000760191738,1,0.736435230036136,No
693,73.78405008600154,3.871297297457244,1788.2078137117107,Semi-Synthetic,4.8962839601306065,472.72490281883984,Composite,0.08121693644286081,4,0.5101438467184424,No
694,99.23903410416395,1.6540203197532515,1759.6509646794802,Synthetic,4.02116814441486,1086.4636039267627,Ceramic,0.06971868135560307,3,0.7114951336153817,No
695,98.89651886952575,3.1263795795464118,1900.1579899705605,Mineral,3.9339450011025225,1290.8093983130198,Composite,0.08629917864573894,0,0.5019651460477531,No
696,85.35680341029014,4.938928999058285,2229.4100345493553,Semi-Synthetic,5.495844917653247,1260.8035090155572,Ceramic,0.12378964488756528,3,0.5393735707395652,No
697,94.89199533363177,1.9996686753944253,2124.5300183018485,Mineral,4.972774396625017,1769.9818999868667,Steel,0.05508463105167376,3,0.0,No
698,71.23329635422046,2.3222550294751487,1406.3342419705782,Synthetic,4.1178586522475475,596.7918271253798,Composite,0.06793755574627779,1,0.7723543256021984,No
699,103.86040528810352,3.513907849658915,1986.6209970918146,Mineral,3.800333573862602,423.28081959345013,Steel,0.07773470082299577,3,0.17350707429101936,No
700,87.22646795335517,3.179581781939598,2198.679995860623,Synthetic,2.29282527446913,1818.6637572114769,Ceramic,0.11002798037587005,0,0.2503749269256599,No
701,82.1591546922144,3.3506300992735594,1916.0425562067608,Synthetic,4.32456753487414,1426.030107974201,Composite,0.08669907018656617,0,0.3416383086487952,No
702,105.73513838755333,3.4891871301476636,2127.29412755579,Mineral,3.873896030680285,1028.5885239141269,Composite,0.10950445686635572,2,0.0,No
703,79.4348446418586,3.6347214685617697,2403.6811337102295,Mineral,4.553956047082276,1251.4796319203865,Steel,0.11102329971510802,4,0.3252330476409955,No
704,68.8730805545466,4.109699841956223,2107.1128638320943,Synthetic,4.857818841534787,1272.9652867683199,Composite,0.09776110477459941,3,0.30434476647898123,No
705,66.65056239714144,3.4098186569285125,1874.7925786925186,Semi-Synthetic,5.232921095047247,1021.3437628992062,Composite,0.0480801915030334,4,0.38664995932019836,No
706,99.0901492701846,2.7587423453814575,2113.526542225426,Synthetic,4.336992910894404,1242.5335112074301,Steel,0.12983281735690144,4,0.0,No
707,70.79355971255575,3.6725737012027313,1843.4663499290673,Mineral,2.9536395348717948,1306.444012398036,Composite,0.12237142013278104,4,0.7783126650683916,No
708,116.32191272976547,4.899881934895216,1807.1709129854867,Mineral,1.8506864490818669,1804.6590784088476,Steel,0.08190620151507011,4,0.6194169734586719,No
709,58.77105888174417,2.8673662536174263,1694.5757292858802,Semi-Synthetic,3.1753001396432086,1489.0353666856622,Steel,0.03854689272549336,0,0.24078794139228926,No
710,115.44684552435058,2.0254706953293584,2269.0240076496325,Synthetic,5.3334884995050675,1721.7969420726226,Steel,0.033185055263769296,3,0.32553607631385495,No
711,93.16526200803928,4.107080669286972,1554.4714002173996,Synthetic,5.823491469299441,796.9285548981318,Steel,0.0876294687966113,2,0.7514444986319297,No
712,88.54930332194411,2.8796188360464017,2259.7103174034346,Synthetic,3.7620992482308244,1095.8408221146426,Steel,0.05894748673607642,4,0.42275749066393414,No
713,81.82621369786575,0.8273304539859638,1949.9592371221115,Mineral,2.5390407457176485,1272.6740951794877,Ceramic,0.028484325999188646,2,0.12783925123887901,No
714,95.98704171528107,3.8474216771504217,1380.2081475594175,Synthetic,3.3515864249971603,623.6697740601111,Ceramic,0.03261902901910996,0,0.4749224389745374,No
715,89.43547946362727,2.4646718140460773,1910.2947878974264,Semi-Synthetic,5.137805822697871,1554.5578014327841,Steel,0.06590052280009975,0,0.17364709046253096,No
716,106.54952823024783,2.9094667176958393,1169.9920477045127,Mineral,3.4089868264728933,1392.6629316933786,Ceramic,0.08584788721432934,1,0.2876380477632582,No
717,91.71341472993059,3.3319803305690145,1987.6524050493108,Mineral,4.589123947667514,1089.8524440138408,Ceramic,0.12217139153047481,4,0.4848127702932231,No
718,92.25452642192816,3.1904996797790663,2065.5694448966974,Synthetic,4.168558301298035,1144.9996969497645,Composite,0.09452662323040525,1,0.8165634394716977,No
719,84.54581681679217,3.7094518171390396,1622.293213304384,Semi-Synthetic,4.7100032590370535,1576.1600666471245,Steel,0.06855786408585757,2,1.1069974232690247,No
720,89.14581564418398,2.5645136294301567,1837.0643087866747,Mineral,5.818010998947038,961.3686157089103,Ceramic,0.09139848673018398,3,0.9087846864146915,No
721,94.6170265333809,3.513105798176083,2386.247230125086,Mineral,4.5897814755343385,1588.2556048986862,Composite,0.08871702756765973,1,0.4784431283592807,No
722,64.34747411015061,2.7404533224160827,1648.275988721419,Synthetic,4.1469162766379295,1124.3883790241136,Composite,0.10218635621587818,0,1.1772049403576532,No
723,69.7772186684143,3.738810480887503,1482.3277238830199,Synthetic,5.928373565808919,1426.798815833075,Steel,0.07880173659248407,4,0.6674808033104864,No
724,101.14896141034072,3.6153674840130536,2244.4990207387796,Semi-Synthetic,4.349552101625061,1226.0292616736963,Steel,0.11108593253036331,2,0.20609343820588033,No
725,92.56298157191912,2.0645612979554047,2388.776157159238,Synthetic,3.2070525026683994,1869.9581539953556,Composite,0.10473355400682455,0,0.528364955696857,No
726,87.24024995470981,4.085982116175032,1801.1087015543542,Semi-Synthetic,4.687465289769485,933.7822829677423,Steel,0.08248100010915711,3,0.3029250059372371,No
727,90.27650899598089,2.464036554885952,2103.4389106225067,Mineral,4.44745554213297,1028.01521322692,Steel,0.07642326931202287,4,0.1256282221016346,No
728,95.21372558042506,3.808057798281145,2202.442774659264,Semi-Synthetic,3.6920976577294002,748.1623566933506,Composite,0.10759245436971279,3,0.14773286676253705,No
729,81.90360479535957,3.3672873134013406,1577.2547302384849,Semi-Synthetic,3.4824139475337264,870.9728498912036,Composite,0.05859577045678884,3,0.4558297465476673,No
730,78.3254291189653,4.838183676795122,1654.4082493896394,Semi-Synthetic,3.701740512685092,1413.938432308355,Steel,0.03480161512569819,4,0.7262617971840223,No
731,92.93767882646523,2.7765340176281477,2169.2623539464203,Mineral,3.4681106424982433,1680.0490916595184,Ceramic,0.034631060249480136,4,0.8204609767387703,No
732,75.32440833577452,2.6506832038818025,2305.5042836125526,Synthetic,3.734240181287108,1447.944261108083,Steel,0.05610876574731473,3,0.12658462499258577,No
733,96.12379133571707,2.9805803941122675,1968.8642580523065,Mineral,3.1572033977581384,1198.38255008194,Ceramic,0.0997895689633175,2,0.4090223952736739,No
734,64.46124593643239,2.6968202171657247,1536.0556939493838,Synthetic,4.386154688159816,931.9156495031839,Composite,0.0673160343617041,4,0.645977203920517,No
735,105.43733455988465,3.79994190194205,2396.118333509832,Semi-Synthetic,4.3112013139588194,1469.5256014881452,Ceramic,0.08613548008433677,0,0.545557578725483,No
736,97.08896223619564,1.383689391563412,1640.7087306564106,Semi-Synthetic,4.3452017772294695,915.4194284442488,Composite,0.06514111787356792,1,0.7083639101140686,No
737,93.84044601470814,1.946317580853646,1699.4586656485644,Semi-Synthetic,3.9376306605633458,795.3144797082722,Steel,0.06537927902048102,2,0.3695918885657429,No
738,104.74036475918271,1.932197078420807,1902.7013503468866,Semi-Synthetic,3.822336743974938,1107.4592000370287,Steel,0.0492360897646654,4,0.8818745705315487,No
739,114.98211666693865,3.9503075919735755,2266.2481262144324,Semi-Synthetic,5.442005797653515,589.8178149334511,Composite,0.07724313123752935,4,0.49872739345728834,No
740,105.21555097527195,4.710613372581925,2056.192792965667,Synthetic,4.067405886837803,785.5845376343254,Composite,0.0747450879266313,2,0.7273172407163621,No
741,62.38688653002532,2.8955507814625285,1924.4596501085732,Synthetic,5.263766846055477,1765.7971007648462,Composite,0.09237995069545465,1,0.38576788561786923,No
742,70.80634549896448,2.8311782768099896,1938.9865590354318,Semi-Synthetic,3.0035840168336865,729.9574726624794,Steel,0.08863092821035153,3,0.5175172830615523,No
743,80.62772133456482,3.070052163113181,1813.0544005930399,Mineral,4.5891778342013785,843.5554856862566,Steel,0.07408557857124762,0,0.021192244571457353,No
744,90.3913657531625,4.161878302608191,1967.4418543555519,Mineral,3.2652969633399844,1221.5498723119993,Ceramic,0.03481733464819474,4,0.2489734189874087,No
745,97.76488530703685,2.0726468658094257,1041.131976691709,Semi-Synthetic,3.4438480717066655,1237.1711640090045,Composite,0.11211738402734833,1,0.43776089344012364,No
746,79.11384280269802,3.238368982734785,1711.0177622790604,Synthetic,3.5880941600724485,1129.6127107863438,Ceramic,0.0774486698288593,0,0.5300184629801095,No
747,92.80150146715617,3.97519762978243,1872.3965804750344,Mineral,3.5254010313962216,598.9878753326655,Steel,0.0823892806968169,2,1.3043604653544714,No
748,78.66925601470017,3.5010941699398455,1454.695774914148,Mineral,3.5303953435181494,1454.546798291337,Ceramic,0.12801485197433174,4,0.3854300021521362,No
749,80.82723295512078,3.189581616598743,1915.896995343468,Mineral,5.217275089890565,1067.083980072601,Ceramic,0.1072466637978785,3,0.08700793039978261,No
750,68.90008354727667,4.001046092567141,1738.6586337041635,Semi-Synthetic,4.04541117311764,1566.1348566524703,Steel,0.09339347596450191,2,1.0107454158364768,No
751,76.15150130833644,0.5,2326.642709494647,Mineral,4.225055389209609,1006.5547135413458,Steel,0.07993082637887523,4,0.8236513253085296,No
752,69.724730915755,3.6778753195309077,2271.905917564457,Mineral,3.5428400364485504,1494.748301742173,Composite,0.07965063353497541,1,0.1530463389782411,No
753,75.36190120534,2.3459243168725763,1660.258329264551,Mineral,4.856939303718109,1588.8250347238304,Ceramic,0.08720343493165586,0,0.6395786209637928,No
754,105.80462694911759,1.169367103143543,1754.7486865299913,Mineral,4.355056278238919,1059.917317273854,Steel,0.09220720177569897,0,0.7505619269988549,No
755,75.75901666752085,3.5112025995249807,1777.8157303174821,Synthetic,3.6910713556502617,1464.135058231694,Steel,0.13134205267352403,4,0.5491475340499149,No
756,129.48573097256087,4.373658545162957,1664.502157152113,Semi-Synthetic,2.415716107373357,801.4365965650809,Ceramic,0.15419798248288433,2,0.5977465761193528,No
757,97.39976851321333,2.862551485372308,1858.507495208438,Semi-Synthetic,4.216296458401871,1279.106846120848,Steel,0.08870782416210649,3,0.3103231495222639,No
758,92.77254185542311,3.952874547202939,1572.5153793337229,Synthetic,4.5756795225354585,1566.668312506452,Composite,0.015401717838691015,1,0.6511367996667221,No
759,77.1246332972818,4.612278257988645,1460.8153995187422,Synthetic,3.0211521616766537,1355.547853789237,Composite,0.051447665801248404,4,0.3525937161256414,No
760,100.50464819113488,4.314914453584048,1986.8133671700805,Semi-Synthetic,3.7046053813008375,1921.8671768559718,Ceramic,0.13434490645615302,1,0.0,No
761,81.36543260643339,4.639964529371393,1988.8588752665432,Mineral,4.537160501460956,1372.3073976873468,Composite,0.10155957884767239,0,0.5588797916198331,No
762,91.83014721968043,3.7421274910718925,1558.7052721020023,Mineral,2.429071942878233,1090.4186242177498,Steel,0.09278139461734988,3,0.0,No
763,128.40126807403192,3.075433638901593,2068.6066292287796,Semi-Synthetic,3.3511478165901103,2052.2659179004495,Steel,0.07499486265785718,1,0.804048249037318,No
764,88.55910150413025,1.3980341881028315,1610.5266812504005,Mineral,4.376908941626401,1690.1103052042652,Steel,0.04432933822322047,4,0.16075395696943007,No
765,107.23909989428513,2.7539375118700513,1875.9495714113943,Synthetic,5.10501843885161,719.127731460481,Steel,0.13033369264236505,3,0.0,No
766,79.45235362311169,2.1567534046838084,2046.1032037837367,Mineral,6.185779812271168,964.7509185215056,Ceramic,0.055303692455777334,2,0.0,No
767,89.47517264254557,5.170942717497814,1789.916230588886,Mineral,5.95865476836709,888.5525678876029,Composite,0.10187935449614835,4,0.4875570025134244,No
768,116.56200953453265,2.8241141875676634,1936.4222736423403,Mineral,4.143769482316009,1393.6888813527166,Composite,0.04097894690737569,1,0.5559523436720207,No
769,80.5954941331835,3.1232048067844858,1645.0711068337284,Semi-Synthetic,3.5157731185180476,1371.3474110450366,Steel,0.07353953945515171,3,0.07620895510688025,No
770,117.18672836995393,3.5514853760404677,1741.0600249715708,Synthetic,4.923122267770886,1369.0355797186498,Ceramic,0.10978871391358892,4,0.1782835235773158,No
771,100.61627903183214,3.0436024463724536,1738.2421707358978,Mineral,3.4564070762763426,711.0271621503148,Steel,0.07250917482599618,3,0.49757933363408563,No
772,81.56299836158598,4.695051040430753,1576.0264960379284,Semi-Synthetic,3.2379047150543485,1008.5725360184852,Steel,0.06894650373901917,3,0.7916683273911894,No
773,99.48611608583282,2.377350638265548,1746.9677510652655,Mineral,3.6947339476348997,1155.2144235829066,Ceramic,0.08031908805046044,3,0.13697534577863363,No
774,104.58831674440094,3.1946074552372425,1335.414510340876,Synthetic,3.569326699822893,653.4238352037834,Ceramic,0.03991991322695217,1,0.6137525787553684,No
775,99.32714943325794,2.2575294143019518,1652.6538758573686,Mineral,4.412630623065875,938.4516700326328,Steel,0.034275592788619545,4,0.0,No
776,66.44662920164316,1.6799774887792942,1714.5373519890989,Synthetic,3.3975983778656387,1606.9301130497197,Composite,0.10142709448081785,0,0.59476662101136,No
777,79.09294236262697,2.3882309090947147,1723.146074251386,Mineral,4.085122057297815,733.7772006091235,Steel,0.06733370223146601,0,0.7267376243167829,No
778,86.28722046672743,2.9629632029515878,1727.5507662387663,Synthetic,5.5949534514053205,1636.5781481155443,Composite,0.1011945428174437,1,0.6572619832167518,No
779,88.8834985634993,2.5706977754827403,1781.4707400419613,Mineral,4.122140714074048,1527.3447277606506,Composite,0.11354549051452123,1,0.7983193342063091,No
780,99.31008146326018,2.307579020126144,1943.8324554258193,Synthetic,5.516742288121778,1112.7788340586558,Ceramic,0.11595927826986391,3,0.7783227201586528,No
781,92.66551501399881,1.5936825363281661,2062.355122239757,Mineral,5.202056601065949,1005.3381001896946,Ceramic,0.03136975146270984,4,1.054079544785036,No
782,69.96983461934849,2.916894427371305,1605.0704319455199,Mineral,4.592040236700633,1449.54828664359,Steel,0.059065121352383065,4,0.5325855257177259,No
783,95.70296776508945,1.4952796259689978,1439.0397433832568,Semi-Synthetic,3.6458472100614796,963.6779517313107,Composite,0.09612755921131416,2,1.054967415709113,No
784,99.15878617925735,3.7600559636896027,1487.3866763270692,Semi-Synthetic,5.040507977349105,978.6006150161628,Composite,0.09659005015710956,2,0.21677027297402524,No
785,98.3968567189656,3.082439752934503,1653.8391236415218,Synthetic,3.750025081361926,1192.8394787985815,Steel,0.1474831275258887,0,0.4383974768835577,No
786,106.21171088331933,1.5424485005350694,1694.4236046550473,Mineral,3.9979903449730387,560.9299212639246,Steel,0.05277159400300756,2,0.46549904808797987,No
787,102.50883231823356,2.6907909229501366,1569.0011801407627,Synthetic,4.330198674165594,765.0073204794882,Steel,0.11504505204362293,2,0.18716466224295142,No
788,96.88770118842655,2.247843594409417,1411.1650007250316,Semi-Synthetic,3.994632527606518,1105.301625299555,Ceramic,0.09116823830115621,0,0.0,No
789,88.94751432812029,3.3191745104191805,1663.1637517577435,Synthetic,3.279732281589463,1342.70880966378,Steel,0.030792924000095902,0,0.7607895085434953,No
790,65.08558599726013,4.340450446023144,1854.4279860341915,Synthetic,2.4729010850171305,959.5278185763964,Steel,0.06356554289820215,2,0.22101975382920247,No
791,96.44427328698879,1.1248275303542554,1978.5088397506695,Semi-Synthetic,4.959132930325479,1140.7168565934953,Composite,0.08787584036969975,4,0.37975129781511624,No
792,93.11531530744666,3.1150260791474174,1632.7730840675035,Mineral,4.570342126806361,715.9621775587104,Steel,0.028868998751112034,2,0.9753755794312083,No
793,94.0736825579306,2.8398672044333595,1676.1006533569698,Synthetic,2.2793890075036582,1479.745155681096,Composite,0.017782819850850617,3,0.6716255226418435,No
794,70.84877136269536,3.671340076450466,1521.9905073458067,Semi-Synthetic,3.2532126504631433,1266.0246988682945,Composite,0.0271627226409007,3,1.0220634364205083,No
795,73.78415189387607,3.2131966282376894,1790.568248887567,Mineral,4.179065429273384,1292.5637707917651,Ceramic,0.08777400965253017,3,0.5361593102288819,No
796,105.79729279999356,2.248030668261181,1545.4714097427557,Semi-Synthetic,4.442572353560568,1346.4751853954685,Steel,0.0654599822379968,1,0.6666478181893127,No
797,89.40667269215018,2.680946064333382,1971.9383439723601,Synthetic,2.4815463410329084,1223.4382510484356,Steel,0.061401329080591455,3,0.42779853274992496,No
798,100.22251046058936,2.203974143196511,1264.2400524197667,Mineral,3.9107613334575784,1054.8681724278003,Composite,0.06243134494502817,4,0.24539111036704347,No
799,90.42477564195691,4.076007138598598,1692.1110982642613,Mineral,4.539654595253964,1538.8963646160926,Ceramic,0.03727632765026187,1,0.6655378862405936,No
800,90.44634209243618,3.0213116486719422,1890.3322017575226,Semi-Synthetic,3.64848819810072,1247.064344328232,Ceramic,0.06630790451479678,1,0.369229637050853,No
801,104.07425708963997,4.901190685753008,1855.1503548967512,Semi-Synthetic,4.255829648434394,1150.2841713979726,Steel,0.025388058557844935,3,0.6933565898731173,No
802,82.25932907673939,2.939339186185379,2607.910099194149,Semi-Synthetic,3.512448117955523,1197.4036038238487,Composite,0.1156292341807672,2,0.3288592946035343,No
803,91.44181165411474,2.291593233089537,1904.9400073703723,Mineral,4.909196351699522,1191.010480053378,Steel,0.13076989162031652,0,0.4473850241943449,No
804,83.06587066942436,1.4862856073871729,1498.783620947397,Mineral,3.2007142861337288,1147.2703188224064,Steel,0.010218088598324848,2,0.47141524840982724,No
805,83.48255658851527,1.196860323744055,1771.3607258732782,Synthetic,2.85792176090562,1333.8319087523723,Steel,0.06592611022027735,2,0.8230895075136977,No
806,85.3624181479704,1.4158640569945102,1267.1260999600645,Mineral,4.0289268640615505,919.2419333632895,Steel,0.06787965708095607,1,0.3726954076322788,No
807,93.3320065745057,3.2671266510114836,1775.8200752109717,Synthetic,2.5664740277115046,941.1626892779076,Composite,0.07476546480148925,1,0.8560970358777853,No
808,82.81877067504784,3.5087250232299336,1550.0831828997725,Semi-Synthetic,1.8948888119372098,1367.7791068285906,Ceramic,0.11004591273123202,1,0.22854447787981974,No
809,108.83634188360281,1.4188092979678666,2074.6170826680486,Semi-Synthetic,5.083735298054013,1156.428197781661,Steel,0.06601367653418208,4,0.580957277500882,No
810,76.58089046670744,3.8950383140761153,1635.1379176213395,Mineral,3.015775518439181,1491.4179306429287,Steel,0.07735245611806138,4,0.29371981172336326,No
811,87.19692533757961,2.5169389483165605,1764.970225261426,Semi-Synthetic,2.666348417416187,1322.663700189559,Steel,0.16937164891404166,0,0.8347237466719128,No
812,83.40403412588738,3.146793011985549,1609.332647578679,Semi-Synthetic,3.188241223050392,1034.2116269771304,Steel,0.07666121277184079,1,0.2544009513393439,No
813,111.704668265306,4.612220628255424,2321.6554055559996,Mineral,3.1433493685892047,1372.5289089386024,Ceramic,0.13298719580898216,3,0.28498017685334975,No
814,92.94832164767362,3.896839315865532,1703.6271701646265,Synthetic,3.857888538836456,1559.1572873876808,Ceramic,0.09505962972166498,1,0.12310926995142801,No
815,105.47766809202952,2.7314693520941677,2349.7671130437607,Mineral,2.9065132663140334,1334.093866836376,Ceramic,0.06338873020772451,4,0.5309121843458064,No
816,67.71659440444542,2.1088077745847125,2044.24552863548,Synthetic,4.498186142256155,1399.675482920039,Ceramic,0.058377980384737085,1,0.677314611454805,No
817,94.00575398803889,0.8481845986706951,1944.620018200616,Mineral,4.6462341311577156,1148.468744818979,Steel,0.0797818221500088,4,0.6449387551072392,No
818,103.34446193435156,2.28084668075758,1910.6199441952558,Mineral,2.725008549384465,1497.9119648641508,Composite,0.046205806257603274,1,0.45672861201888354,No
819,91.23425983913137,2.7888697611723057,1918.1391894648755,Semi-Synthetic,3.3819033770516125,1025.792875521107,Ceramic,0.054084021008128993,3,0.3018376605388047,No
820,105.98220562598027,2.012820472848816,1221.6982261963171,Mineral,3.476942759961414,1301.562907722155,Ceramic,0.06730818196922661,0,0.41639602468763115,No
821,82.24067324849442,2.8687430329076955,1716.334981754773,Mineral,3.834992638633658,1970.8518457307798,Steel,0.08880030625781687,3,0.4278411431194391,No
822,111.1402116027837,3.0768518829587683,2053.5473913552964,Synthetic,5.082683516983682,1361.664316807698,Steel,0.1347799163522314,4,0.5757831282265999,No
823,124.48347185428875,2.7751440181919214,1785.3308449577682,Semi-Synthetic,5.140313415002608,1073.7866308224395,Steel,0.06545136719605212,2,0.5551558431419673,No
824,84.55742159340511,2.3499974191765403,1378.4430459589275,Synthetic,6.498867386165786,1073.0123274925802,Steel,0.09384554139134339,3,1.0219157223753044,No
825,83.31746217898842,3.1686546719667277,1784.2786648267593,Synthetic,1.7306260708458217,1178.5974908128967,Composite,0.031163064602538454,1,0.5118908195244449,No
826,111.80076715676552,3.441940649569409,2311.2316548766476,Semi-Synthetic,3.075704276848371,1455.3737345188233,Composite,0.1118086592266195,0,0.608240290539563,No
827,113.69358218596068,1.909600922557154,2174.067514660416,Semi-Synthetic,5.814009181074984,1243.7332527502147,Ceramic,0.028349522752191325,1,0.5214367419215785,No
828,82.15709959270097,4.41093237974627,1781.3987971901904,Semi-Synthetic,2.199299682223165,1005.441656028481,Composite,0.10395159416304303,1,0.4019799320104011,No
829,83.69719774356214,2.9014118677157383,2085.434783117426,Mineral,5.791265064170706,1004.910902163393,Ceramic,0.0775722514015459,3,0.6062223503041837,No
830,85.7732308670924,3.0188496229448476,1690.0478938895844,Semi-Synthetic,4.1473512731432445,1245.6147993068942,Ceramic,0.07638041171780631,0,0.3738018218154746,No
831,69.83324233448585,3.7082144232565573,1288.8385239519844,Semi-Synthetic,4.184132773022545,1212.7184960216373,Composite,0.07099205846243507,2,0.48253482461379466,No
832,76.22022080273703,3.2332161312635015,1522.6602035611336,Semi-Synthetic,2.7202020138805296,1336.4928507357063,Ceramic,0.04096242126823706,1,0.847780561543311,No
833,74.93788849871898,3.953136633913245,2268.8666305524594,Synthetic,3.5488367799957032,1475.2469687354683,Steel,0.042551884703935915,0,0.35439217151225644,No
834,78.48303652343807,3.287124165201824,1717.8020754512088,Synthetic,5.747376359709906,2018.2079107228496,Ceramic,0.10509560468116946,2,0.6162031807259202,No
835,89.47972668919829,2.3875626253595623,1726.9848061874945,Mineral,3.952316864758773,761.3899449697199,Steel,0.08035810340544164,1,0.0,No
836,93.5132209880478,3.3615035252061016,1710.048541117536,Synthetic,3.5555009717897947,1406.0586381859323,Composite,0.07077329794456214,0,0.44439682680293524,No
837,113.25750739221115,1.8562737926793382,2371.240976871902,Mineral,4.405719196379236,1229.4923125164871,Composite,0.09330193851908171,3,0.35236438109254503,No
838,75.02468938891813,3.108559705776523,2287.787674608619,Synthetic,3.807782399697343,646.6271306668235,Ceramic,0.08303930849663756,1,0.5360781302906931,No
839,104.76483597714875,2.9667700093555394,2465.63407003444,Semi-Synthetic,4.345151149806441,1574.8592170955183,Steel,0.0562120535018036,1,0.42912896710041615,No
840,86.79016733661737,2.7918831427274604,1752.2864368799846,Synthetic,3.150258667840079,1326.3519679745843,Ceramic,0.15382988677527742,0,0.5424553325223141,No
841,89.2580443552135,2.871462488561069,1888.6873466241286,Mineral,3.9228473513918947,1439.941887846047,Composite,0.10222269135509322,1,0.3864001141916147,No
842,100.12229238249905,1.118150954502361,1345.0072351737626,Synthetic,3.3589237345592813,690.1743164706952,Ceramic,0.08381205720078666,2,0.6159004097347536,No
843,73.15916967656553,2.4512750922590385,2243.0803278354824,Semi-Synthetic,2.1960333593053223,1133.8749217505374,Ceramic,0.06459166093358182,1,0.0,No
844,95.73614619276076,3.0928449011411145,1449.6661346196195,Mineral,4.481957787247685,876.2409165317113,Steel,0.10858279067582571,4,0.5334236888241288,No
845,92.49678312319584,3.1598563919974003,1865.0326691287887,Semi-Synthetic,2.7662271584444444,1848.9302828041837,Composite,0.05637296390821713,2,0.21887622505502757,No
846,97.38676896012224,1.9723248590740419,1470.8092417101468,Semi-Synthetic,3.8352590698958977,1543.3651037233144,Ceramic,0.05384675777092211,0,0.85035996298222,No
847,94.33752965861727,4.2657078408647005,1623.3399519783911,Mineral,4.926068245827911,995.7096650143613,Steel,0.13079976907221147,2,0.21403580423601137,No
848,126.82950209866341,2.133825151785499,1548.82127068509,Semi-Synthetic,2.50218654345957,739.0083297151193,Ceramic,0.08092025528212128,4,0.7985662052060136,No
849,80.43390023623026,3.969457200526737,1617.6374217972545,Semi-Synthetic,4.604684096949602,1258.2165199151266,Steel,0.057099524398546625,4,0.4965402076415804,No
850,82.03504567497274,3.4271943618716847,1638.2631890553064,Synthetic,3.7001865430313376,1527.7266006883078,Steel,0.08017057094119032,1,0.0,No
851,80.65289210362853,2.353772690156197,1635.5193615224769,Semi-Synthetic,3.033476599072936,679.4839183692212,Ceramic,0.10550559661545128,1,0.23711979524566285,No
852,81.66784321259618,4.775310892609512,2050.000173534092,Semi-Synthetic,6.022923288886068,920.4675987020491,Composite,0.09863763361865578,3,0.7543403072387957,No
853,80.43919309040223,1.80636316824352,1468.541162081244,Semi-Synthetic,3.9994437042451647,868.3245872958123,Composite,0.10922786789259356,2,0.7373026474548765,No
854,107.83524796661328,3.9191541736100017,1866.16242810416,Semi-Synthetic,3.431907110423259,1460.083849773176,Steel,0.042513322917815594,3,0.11019476818087542,No
855,111.30756371984782,4.000582318042978,2165.3877456916675,Mineral,3.2197870776335984,1089.0512734366462,Composite,0.10847447485024533,4,0.9688567176927756,No
856,81.43880559375785,2.329379790923355,1646.0410906459813,Synthetic,4.881162468436696,1101.6190432867484,Steel,0.07462823671846561,1,0.4926307378970348,No
857,77.51466640343656,4.392465300064329,1584.6243327757195,Semi-Synthetic,3.3879437735365885,1252.3964041916902,Composite,0.0826730230011163,1,0.7654536962602885,No
858,97.07123334579606,2.749953485401047,1730.8426124459247,Semi-Synthetic,4.756518098541026,936.5157563012958,Ceramic,0.11628483480934337,1,0.1364475951370549,No
859,81.71665433578544,3.288693629279857,2153.917562508213,Mineral,3.9975201688768394,766.8939789817306,Composite,0.10108177019813869,0,0.36321529514808076,No
860,99.49397726633266,3.2603218387712207,1858.2322892860072,Semi-Synthetic,5.116188064433849,1610.9055487080855,Steel,0.09053157442864036,4,0.6247712810773565,No
861,93.04384531276949,2.865691258529452,1640.6357116177205,Mineral,2.957460552517116,1638.7457125438782,Steel,0.02048009950559137,1,0.4060509641013108,No
862,67.26383827504152,3.810808273159782,1945.162995356412,Synthetic,3.0969367609039953,1253.8747378389535,Composite,0.0786349443385914,4,0.0,No
863,113.21257801995093,3.793488720552213,1469.312355049073,Synthetic,3.7189946859699314,1275.646651700286,Ceramic,0.05645973837288499,1,0.44276529890214333,No
864,116.93816509643283,1.2514680267618192,2004.4078531328844,Semi-Synthetic,3.801933502475224,1578.3041929740025,Steel,0.10133135913192089,2,0.0,No
865,80.80816964273421,4.304340242878153,1922.5821923105302,Semi-Synthetic,3.645442971302989,1246.996066981122,Steel,0.10972874561106985,4,0.1787922375228425,No
866,84.18447660096024,1.3375080119643257,1707.6574586583347,Semi-Synthetic,6.631440405426518,1074.2766282169064,Steel,0.07093906931651711,3,0.07913966217634649,No
867,94.28798086087357,4.032546204341657,1548.4242604658307,Mineral,6.063247004351908,1211.801738033239,Steel,0.05998875572633939,0,0.8397666371249616,No
868,95.01685184980538,4.126705136827583,1533.9957233149628,Semi-Synthetic,4.299055074821043,1617.9505911502417,Steel,0.12668902386547798,3,0.9339065314831466,No
869,99.87816409009245,1.9090335697848018,1960.4452009037732,Semi-Synthetic,4.416972074050458,1215.9965005286417,Ceramic,0.061905572989589173,4,0.6024691795252428,No
870,120.15306808149525,2.589185712045415,2168.6941507467186,Synthetic,3.763567819920419,999.1852396039342,Composite,0.04416387478891244,1,0.43097938940834174,No
871,87.34579158758926,1.8942953315140643,1608.8076758913617,Semi-Synthetic,2.950174466481869,1244.1006147855292,Ceramic,0.055019865409431684,4,0.5085016338450786,No
872,78.0255413319232,2.7850789697112646,1937.5160110654454,Synthetic,3.817927759444748,1396.8669412607292,Ceramic,0.0633500183565737,0,0.8395564505048283,No
873,69.31021157978209,2.6919657158142587,1173.8918944193792,Semi-Synthetic,4.771117751462054,1360.8760484717095,Steel,0.05415910841151356,4,0.0,No
874,79.0360494008712,3.77966053226934,1624.6146808028402,Synthetic,5.305626761568009,1365.8471844214828,Ceramic,0.10536174149834218,1,0.17746943285655387,No
875,89.50309540689304,4.310308746119608,1790.6823201387294,Semi-Synthetic,4.995708420522705,951.9966962599709,Steel,0.014062596632779686,3,0.8012127208375888,No
876,116.91836795276681,4.395683810789956,1527.0949749054498,Synthetic,2.4902257068457887,1431.031069967537,Ceramic,0.05352318765663413,2,0.86368129342938,No
877,82.23583051445743,2.437831973421698,1519.0480875631213,Mineral,3.710772321846287,1208.5397817636867,Steel,0.07857507663635412,3,0.6769163900040075,No
878,93.35681927458347,2.7907781262554723,1599.6661330593342,Synthetic,2.5311324351340074,986.4626497591635,Steel,0.08630738660006879,1,0.18650853024446135,No
879,89.75365655890872,1.3165618077790497,1887.6578184979119,Synthetic,5.1688435574027185,1428.64551409561,Ceramic,0.1307550451257375,1,0.7968646943220312,No
880,107.82589910172126,2.1941299335038114,1743.8012944780876,Synthetic,3.5876156051996673,1063.908345324971,Ceramic,0.12635713138291058,0,0.9084298073836554,No
881,127.90398638810433,3.9648516330974575,1128.5306300025084,Semi-Synthetic,3.952889884368967,727.710795433334,Composite,0.031977885321663735,4,0.7154750802512573,No
882,82.03696840619519,4.615582823548232,1163.7899542094801,Semi-Synthetic,4.480050268005002,899.8192856669034,Composite,0.022758561782912613,4,0.0,No
883,82.65840836222667,1.765651128120078,1617.9404466428473,Semi-Synthetic,6.7661399198118986,1145.5089200858752,Composite,0.08074913787112997,3,0.537378442674793,No
884,105.66241315603608,2.4075357408471056,1937.3059758160657,Mineral,4.268274939789526,1373.4906846333838,Ceramic,0.05980444290610736,2,0.6755720192875447,No
885,100.22837234439467,2.973594243041073,975.7485471824295,Mineral,3.7617289621937484,940.7790143735726,Ceramic,0.04423920974050444,2,0.3453148009033207,No
886,117.7006098860405,3.280161158819607,1650.0809471545108,Synthetic,2.75895787879636,1127.8012618687396,Steel,0.08048362692381963,0,0.5560030772292769,No
887,98.75892277988946,2.1903964800783537,1642.1256430447736,Mineral,5.458639448503106,835.0178305010826,Composite,0.08692091955003303,1,0.3459622515931484,No
888,84.61061863819411,3.4240610444640898,2216.5013334625346,Synthetic,3.818363535702925,1494.6098748719432,Steel,0.05483094681067467,0,0.24152198123397617,No
889,98.85982246038463,2.526160652929084,1684.493456486141,Synthetic,5.657142464927699,1715.1993341866655,Steel,0.06127745764887518,4,0.9531772451760315,No
890,106.63055370874362,2.9855477291217207,1914.8966954222785,Synthetic,5.105613112948723,1682.7847573464962,Steel,0.05713875417837051,1,0.5645206010756798,No
891,102.30723271796046,3.5462842480036993,1842.377142026239,Mineral,3.5370438973915284,1489.4938651458415,Steel,0.06765526276336159,0,0.16820610614999104,No
892,97.60911046660947,3.0064222698109377,1160.8300560578398,Semi-Synthetic,2.6077238191440957,1458.7529871360784,Composite,0.09624332298169212,3,0.08701999053835535,No
893,106.00012034383731,2.5636141094734315,2030.4621649895212,Mineral,4.272569117203607,578.4361426790392,Steel,0.0476628241654524,4,0.2417053683974414,No
894,107.5394338566851,2.8903901960741694,1864.6189516368863,Synthetic,3.3850964712283984,1253.1519696660316,Ceramic,0.06077945019507197,2,0.24332798757270885,No
895,110.7323848655629,2.911637040794665,1952.4805919023768,Synthetic,4.039345842456306,1051.1722129020275,Ceramic,0.06802153570743495,0,0.5439590834064012,No
896,99.73064831384464,2.6299889701178722,2977.8713119308977,Mineral,5.049049606854338,1464.1399083134702,Ceramic,0.0797974278453458,4,0.6456670166566476,No
897,87.49322879524719,2.7412039373328976,1174.7661181504236,Synthetic,2.3464178843751666,438.72063729560136,Composite,0.08827953478737417,4,0.6453460549501853,No
898,92.20070529649985,4.598647170504717,2317.4089949283325,Synthetic,4.264613844068214,1257.8903108310535,Steel,0.14126773521532376,2,0.27496640385356264,No
899,108.09763449762535,3.560919447941239,1713.7657441798933,Mineral,4.759596190885737,1135.6668648502791,Composite,0.0971637715282517,2,0.7761892143750546,No
900,77.74596493519147,2.7045196819708397,1886.1986713209028,Mineral,4.808110561756063,1535.5289798794213,Steel,0.097877940411175,2,0.868353294540936,No
901,95.53009963309351,3.696954404510736,1786.3463264096274,Mineral,2.636457828812577,1664.3961161024215,Composite,0.07200160960161389,0,0.42201098989419683,No
902,84.09991781508958,2.66618051024399,1672.7290999805869,Synthetic,4.419336469773964,921.3461948961695,Composite,0.05060402612907702,2,0.19037876086339284,No
903,90.43117234402226,4.173124637586641,1629.0501215283723,Synthetic,5.203536581906692,934.8868692309554,Steel,0.06415357955450653,3,0.5300847543625236,No
904,109.17677793910948,3.3696421921980937,1898.8526206719027,Semi-Synthetic,4.3432337984000755,1269.148986363514,Composite,0.05869002529355326,4,1.1480228744189502,No
905,92.86648602029855,2.8926978559957712,1344.8478909984963,Semi-Synthetic,3.884305793891463,1720.1288074564625,Steel,0.09176692026663698,2,0.18251072963733417,No
906,90.69654822234223,3.4477169258102776,2025.1737502565297,Mineral,5.139612940573444,1218.0434031849047,Ceramic,0.030461557291288015,4,0.342151009109951,No
907,69.60215788530121,1.4291238479315007,1675.1416785344238,Semi-Synthetic,3.30568118956117,816.2515753937009,Ceramic,0.09777601158761733,1,0.5172302180892905,No
908,101.19380349040831,1.8732325310901947,1460.9791982878926,Synthetic,2.4701670917967298,1018.2394661510122,Ceramic,0.07648281231691925,1,0.6624992073547814,No
909,99.68226271711613,1.8060749936009446,1664.996142601256,Semi-Synthetic,3.7994021850690682,1260.7992493390384,Composite,0.10200044698067115,2,0.0,No
910,122.4488208495819,3.142943094763707,2177.144765058772,Synthetic,4.535045191703999,1272.060728569187,Ceramic,0.0582827543253718,4,0.8917663082900522,No
911,85.38332647570499,4.732514999485092,1639.399473895133,Mineral,5.0389367614364335,988.773709322288,Steel,0.052958908554732634,1,0.8876875846044261,No
912,93.28725491495908,5.231300146192632,1907.5360854628861,Mineral,4.530502574167932,1012.2627918661135,Ceramic,0.06779993842884668,2,0.3725619077627816,No
913,93.74075525566133,3.638051101440757,1580.713117285358,Synthetic,4.835821068724858,905.5296016330806,Ceramic,0.06708052241738521,4,1.3119854879996788,No
914,113.66179919645211,3.500844474944457,2027.3765549770858,Semi-Synthetic,5.045311430103959,1542.3513551561387,Composite,0.1041904523322479,2,0.8683116148777378,No
915,88.57056701419572,1.198942265847261,2005.6523216370613,Mineral,3.6606229937018893,949.5674462119831,Steel,0.10390414499171197,4,0.8523349798964621,No
916,94.18532288655508,2.457326200265978,2354.5826499889235,Mineral,3.8520606980924104,1060.5617388245148,Composite,0.13715069250606254,1,0.8562659569343036,No
917,99.11844764574809,2.212216248091761,1747.3308163502354,Semi-Synthetic,5.287167793149876,1052.0241250428144,Composite,0.06513523566446311,2,0.8476148176124119,No
918,92.79913684734537,2.379152401748884,2000.596441427372,Semi-Synthetic,2.7898429757693126,718.2128257453826,Steel,0.01,1,0.4934271535153162,No
919,83.30349578174207,2.8318561814152106,1829.4202618616835,Synthetic,4.429132861522295,940.9754085546554,Composite,0.06771732280907547,2,0.463712001460144,No
920,92.91134989347461,2.527909422302873,2188.7615345589043,Semi-Synthetic,3.2832911710829786,1568.4412797859613,Steel,0.08691973775625071,0,0.21692897968395153,No
921,106.10447624789659,1.0207001896242123,1584.350283717381,Semi-Synthetic,5.10026160323097,837.2136474627816,Ceramic,0.10143592073156507,1,0.32678846893109365,No
922,74.6022705088341,3.747910256117534,2023.5015938631843,Semi-Synthetic,3.9820645194248603,910.9073094520897,Steel,0.08910812813851159,1,0.40673069531434425,No
923,91.99454511220314,1.9272569742601935,1741.5908111649956,Synthetic,4.007593935378124,800.2362678662223,Steel,0.06511167400730902,3,0.5196380150569301,No
924,79.4981877759124,3.2392468641111494,1780.7435468674507,Synthetic,5.728879887396686,1172.8165319306217,Steel,0.1314249307224667,1,0.9794888142510512,No
925,107.92569943387264,5.0740826697499735,1827.5257453345118,Mineral,2.9239572205513538,1765.643016379887,Composite,0.048987925983133215,4,0.0,No
926,67.15219642824337,2.0806154084135766,1875.6721189280033,Synthetic,4.215819473218603,1160.1917335418784,Steel,0.07176065454314487,2,0.903480282823284,No
927,81.61617229092617,0.5,1765.1312870634126,Mineral,3.819873868902179,1220.0286376063168,Steel,0.04760270477417577,0,0.19643720644214424,No
928,95.65817812596781,2.713995778119889,1864.4139549511578,Semi-Synthetic,4.5324113160430315,961.3658292399034,Steel,0.08058730286270516,4,0.46864404696686407,No
929,113.4828604385151,4.100959634998571,2273.4354172686553,Mineral,5.929330786688946,1181.5145865623183,Ceramic,0.1276701727631861,4,0.2826806430615195,No
930,89.01374608390519,4.958347454220593,2095.6349056845656,Mineral,3.3947584900748176,1568.7150919042847,Steel,0.07577222228303562,4,1.0562830728396988,No
931,81.67200709960203,1.7704504055475832,2060.746377749069,Semi-Synthetic,2.802602287645955,1242.8728162914522,Composite,0.07595600443719562,4,0.3500126687102287,No
932,118.21735604160885,3.4966992232365217,1663.3381421928389,Mineral,3.190672574317994,1839.531024618649,Steel,0.02912113974868223,0,0.6564343779887634,No
933,68.27979149375633,2.5346895432199466,1533.2277515315027,Synthetic,3.767181917779081,1577.8439136917073,Steel,0.07139023442627004,3,0.6719800034828703,No
934,57.017910650698774,2.8940516456958645,2086.590167471326,Synthetic,4.064230833703327,1174.10509636652,Ceramic,0.11451461150100055,1,0.15199797496383216,No
935,96.60021675079999,5.644343347017035,2062.8140377589384,Synthetic,4.114528795786582,1168.2636373223654,Steel,0.07249291503028776,4,0.47096889435846784,No
936,82.46918663471084,1.4970296716048468,2241.8012027252944,Synthetic,5.802660951175434,1689.2769412870894,Composite,0.07046629358263068,1,0.8612978789321151,No
937,74.6815077430393,3.2537396614945733,1618.8058122092311,Mineral,5.624839044654841,1241.1976727565686,Steel,0.1131714372752988,1,0.23802955674710524,No
938,100.6253467094903,3.467693171765433,1731.1354033918958,Mineral,5.302946489066961,1622.6764680815168,Composite,0.07059307661088306,4,0.7486896828443804,No
939,93.65701070656799,4.085786324939347,1308.1547512423697,Semi-Synthetic,6.514438636617342,1800.872202038,Ceramic,0.11876160896681368,3,0.40067600860972163,No
940,81.53882053894907,3.0979831534708953,1682.2586681817381,Mineral,4.8240984566626315,1138.7341896527673,Steel,0.04146081213836766,1,0.8490962069109811,No
941,70.79543401993658,3.3080505395041024,2098.971153173834,Mineral,5.10835508351264,1305.5866097805047,Ceramic,0.1003356192452309,2,1.0242490825667567,No
942,103.08685992420217,2.6083514325782087,1660.0513862315406,Mineral,4.804770521893766,1494.001255369914,Steel,0.1293898762308637,1,0.0,No
943,99.75301766937991,3.269126941245107,1992.143938560247,Semi-Synthetic,4.640905313793787,1430.250011706756,Composite,0.1102357069236474,4,0.09855947296730577,No
944,88.51236204330925,2.6568077245025896,1742.8490682006566,Synthetic,4.3943965241828415,1428.1472198761503,Ceramic,0.023981793450941764,0,0.36844711588107143,No
945,117.69955494071499,3.621571889856051,1897.2171084664683,Mineral,3.6031429550846794,799.9578518466795,Steel,0.060850902757073486,1,0.9396273262532844,No
946,73.94872850510771,2.630389663956366,1455.6925830552998,Semi-Synthetic,2.753221752162135,945.4749815514602,Composite,0.07274145426026651,3,0.6597398164003829,No
947,67.11712243612891,3.3771003939021864,1825.5628348901703,Semi-Synthetic,3.8693460310378867,1051.4198937176438,Ceramic,0.11029866490121243,2,0.12657452030865607,No
948,79.62137895178134,2.970737186315022,902.659208729783,Semi-Synthetic,4.5657736996720635,1564.3262410406028,Steel,0.04005145651365693,2,0.703676097632749,No
949,89.31620975466754,4.126050250772169,1743.9311525514045,Synthetic,4.07226190097399,829.3875278619341,Ceramic,0.04943189988822057,0,0.22587958021946375,No
950,93.65009173984038,2.948606276411514,1310.858026885458,Mineral,2.934664305880744,1656.9680121536517,Steel,0.03184545709460024,0,0.7611595802646067,No
951,86.38145913215506,1.2269675317931186,2161.798354964045,Semi-Synthetic,3.8341169500166217,1433.9502342236049,Composite,0.05522599249736558,1,0.6616894992061971,No
952,95.28083094771445,4.261921500713992,2033.2222058293532,Synthetic,3.781997191416862,1546.2690674168323,Composite,0.042451800290830614,4,0.2245664556725503,No
953,71.22690863714334,2.094267699137381,1940.0012945898243,Semi-Synthetic,3.93764535803122,921.1400768265004,Ceramic,0.12793717580589226,3,0.4802136699434316,No
954,111.65646906109889,2.3462336613511803,2256.301868147814,Semi-Synthetic,4.490915348926659,1221.690708807039,Ceramic,0.060578681880561015,2,0.8674051284767765,No
955,88.76773232411146,2.404338705956508,1515.325043752549,Semi-Synthetic,4.706258036910302,1289.6828358393948,Steel,0.10072775876390025,0,0.0,No
956,106.75943747382192,4.374438093170817,2324.2089593746673,Semi-Synthetic,3.4999485490254476,1276.490100606808,Composite,0.08053908521656611,3,0.5903326421356146,No
957,95.14088019566556,0.8643257860213045,2079.6574692781155,Semi-Synthetic,4.981121188012514,1288.6972202540153,Steel,0.08011883842773763,4,0.16793020343490733,No
958,96.85129828730676,6.137748533659994,1729.0334138343162,Synthetic,5.131638119668312,1117.0420558814665,Composite,0.06225668541381682,2,0.49514371722535727,No
959,98.54650920348305,4.056056809066051,2140.6860441548833,Mineral,4.320301933048546,1240.5621243190978,Ceramic,0.10310067461392124,2,0.6373286710571839,No
960,96.71562840025973,3.2232389141291597,1468.1119462765098,Mineral,4.664750271953068,1510.069186519556,Steel,0.08463032697927023,4,1.1039506921785023,No
961,99.64084139801315,2.9451059993837134,1552.645751541698,Mineral,4.984231442461949,850.046307467733,Steel,0.08290231738817141,2,0.49211066574859386,No
962,109.93728795198646,3.285554074857657,1617.4230830280899,Mineral,2.9023553504205286,1664.115035671621,Composite,0.06219738169466231,4,0.9396576977665778,No
963,92.94781754552206,3.5211224283793383,1641.3066875807954,Synthetic,5.0547313349817955,1494.5696869105343,Composite,0.06710672221540938,2,0.24785054397529832,No
964,100.63505636382769,3.645215585950057,1483.0327071719241,Synthetic,3.2099391274020466,910.4394321950001,Composite,0.09766733352726274,1,0.351493981104957,No
965,88.6539645856916,3.5556044660034485,2166.9249201285975,Synthetic,3.3072983633716215,1315.1508130365964,Ceramic,0.08690166834636502,4,0.6761175787546049,No
966,111.6017582317421,3.089580681255249,1722.3436798890505,Semi-Synthetic,4.196289167814761,1470.4496328474133,Steel,0.0837041694352562,3,0.5605283145220885,No
967,79.85411546911095,2.802661579692674,1905.7514905070639,Semi-Synthetic,1.8559598743253307,829.4120028342949,Composite,0.057378725249973575,1,0.4014743354518094,No
968,117.01410649366224,2.8487267163464884,1628.8945900758958,Semi-Synthetic,4.17562030822576,1212.5935300129802,Ceramic,0.13832323110576483,3,0.39334566629369433,No
969,89.39763074033485,2.805091719647319,1253.8190098354448,Mineral,4.981780946955802,1176.4454097494981,Composite,0.0656087978132653,2,0.8999883667755502,No
970,68.53837346822928,4.133770096867065,1881.0172075174266,Semi-Synthetic,2.3540761535539834,1006.3258372479316,Steel,0.07909242014823739,3,0.41346734869172797,No
971,91.92156622366184,3.5935567222808618,1226.323507374067,Mineral,5.089009324546451,1227.707051029204,Composite,0.07438899113375838,1,0.19374520378517085,No
972,79.78422513787679,0.5,1779.4097861743594,Semi-Synthetic,3.301212381472545,1019.9140272111629,Steel,0.13864133591783864,4,0.2435373127226837,No
973,102.60965323483086,3.655900776529761,1389.5054883501568,Mineral,4.206861780492801,1612.292120691221,Ceramic,0.07127556161877238,0,0.7009703407044848,No
974,80.21064031046413,3.1947361947187747,2396.1827997692426,Semi-Synthetic,3.446425492994538,1012.006703601777,Ceramic,0.0685297417707304,3,1.176956735363736,No
975,83.3072485017783,2.981291243554103,2073.4088166524166,Semi-Synthetic,4.572918484129046,1437.5936820039474,Composite,0.08354933444350009,0,0.3428051950106048,No
976,61.65688903581703,2.611481546911114,1831.7261373814442,Synthetic,5.024947556163763,703.3840837139506,Steel,0.05919377331613444,3,1.1445876576070289,No
977,83.21540521126386,4.124112719986013,2179.1120032964004,Semi-Synthetic,4.647010364382497,1151.4570588450117,Steel,0.08334799150704542,3,0.4967477697320527,No
978,53.64181010056565,3.947526462122858,1546.1052067602793,Semi-Synthetic,3.9960188505063,1203.6933472054077,Steel,0.1511481074050331,4,0.41605633100610945,No
979,66.24145764771416,2.227122332176391,1963.043813601028,Synthetic,3.5241446634065747,1141.7126848153407,Composite,0.08899086666653275,2,0.22691687851047443,No
980,101.40621984216446,3.407052287124535,1859.943130115614,Mineral,3.930697970628887,1081.1045108413828,Steel,0.08789737765179745,1,0.440595859925255,No
981,101.78700237976248,2.028343265458714,1879.206024400101,Synthetic,4.6559714649596415,999.7454923964633,Steel,0.05846285321272364,1,0.27315780795438843,No
982,96.38186342677447,1.6203818352110695,2181.7060500320304,Synthetic,4.690266399172919,1426.3622340044708,Steel,0.1312762146305889,1,0.24908575279679485,No
983,75.4953578530618,2.373282775410035,2019.7476308339408,Mineral,4.550826582176122,1499.837356528614,Steel,0.13817098102393938,2,0.004384919718301239,No
984,89.2843296578703,3.8623934723827587,1886.617098847507,Semi-Synthetic,2.7174224584429556,1175.351734243005,Composite,0.10558041127481033,0,1.029835005394884,No
985,89.94596191364147,3.953125045376087,1303.5337691315112,Mineral,3.97697754156459,871.0087475935081,Composite,0.09961499669187138,1,0.8193157824601935,No
986,72.62452966211185,3.513085420097293,1511.9861114161608,Semi-Synthetic,3.366571035802848,1738.1847994160485,Steel,0.07295703945683549,0,0.5814801102867484,No
987,112.55097452650726,3.725095786847997,1763.1873199212828,Semi-Synthetic,4.664929019905828,936.0607701276358,Steel,0.09174012742533867,2,0.45679521149477564,No
988,103.16043435863507,3.5161782871149585,1828.0117122829954,Mineral,3.235028246621403,762.1733224550558,Ceramic,0.05494527185412478,2,0.49832591066996085,No
989,86.68553739255503,2.3585184047770476,1460.9388825978228,Synthetic,4.452053758084225,596.213425044069,Ceramic,0.046216580726637806,4,0.26692732133228847,No
990,90.40328758491796,3.4319225446739408,2523.503002673526,Mineral,3.7178122391854704,1229.835569073798,Steel,0.035379202498227715,1,0.15984455000463038,No
991,93.12574211921329,3.8004095252276824,2254.9182165760717,Semi-Synthetic,2.1209038167342587,1134.7750843454291,Steel,0.09232021919824396,4,0.7152242339692725,No
992,59.37397697363564,3.754291329813574,1980.635496117745,Mineral,4.930959285887997,1509.2869947439017,Ceramic,0.03864876583037936,1,0.4213331914723222,No
993,86.29233926219105,4.1889133714746425,1821.6110583851234,Mineral,3.974712778136042,1383.3253690336642,Ceramic,0.06501093790662552,2,0.5977207139086672,No
994,79.77023628003302,3.708303847201064,1736.3373090296545,Semi-Synthetic,5.275977295765692,1287.0603673755113,Steel,0.07816311874394069,2,0.0012683109130439685,No
995,74.97569985157627,3.351448207541583,1514.4244619933293,Synthetic,2.3346909213223626,1118.589841361175,Composite,0.10985871198566094,3,0.40537135940759905,No
996,85.78349560671067,4.070150238316428,1823.2441555556588,Mineral,3.708478689082504,1532.9931816593,Composite,0.0626533950013724,3,0.15399205866876592,No
997,116.96529790274283,2.9734787407509398,1877.3257620428253,Semi-Synthetic,3.7835955790401354,1760.2169705257597,Steel,0.11339816938218178,2,0.6452167257034808,No
998,99.61264291900514,2.118125348772282,1427.4718273555127,Semi-Synthetic,4.270206291238312,1502.693759738971,Steel,0.10817476739432545,2,0.7985833557731556,No
999,81.43231515325805,2.836933036056236,1900.2529251734693,Mineral,2.6748126958430007,1060.9405107452371,Ceramic,0.04786075016987077,0,0.9379098167641458,No
1000,98.58874172034238,2.255097355193551,1753.4222853525753,Synthetic,4.5440378567737785,1434.4696661646526,Ceramic,0.11368476481655826,0,0.3113060801162425,No
